../img/peter-parley/achristmasandne00parlgoog-001_ex_0.jpg,"hook,-claw"
../img/peter-parley/achristmasandne00parlgoog-003_ex_0.jpg,shovel
../img/peter-parley/achristmasandne00parlgoog-010_ex_0.jpg,hair-slide
../img/peter-parley/achristmasandne00parlgoog-011_ex_0.jpg,"rubber-eraser,-rubber,-pencil-eraser"
../img/peter-parley/achristmasandne00parlgoog-013_ex_0.jpg,thimble
../img/peter-parley/achristmasandne00parlgoog-014_ex_0.jpg,"fire-screen,-fireguard"
../img/peter-parley/achristmasandne00parlgoog-023_ex_0.jpg,"nematode,-nematode-worm,-roundworm"
../img/peter-parley/achristmasandne00parlgoog-025_ex_0.jpg,shovel
../img/peter-parley/achristmasandne00parlgoog-030_ex_0.jpg,"shield,-buckler"
../img/peter-parley/achristmasandne00parlgoog-031_ex_0.jpg,buckle
../img/peter-parley/achristmasandne00parlgoog-036_ex_0.jpg,"thresher,-thrasher,-threshing-machine"
../img/peter-parley/achristmasandne00parlgoog-043_ex_0.jpg,Kerry-blue-terrier
../img/peter-parley/achristmasandne00parlgoog-044_ex_0.jpg,"fire-screen,-fireguard"
../img/peter-parley/achristmasandne00parlgoog-046_ex_0.jpg,"handkerchief,-hankie,-hanky,-hankey"
../img/peter-parley/achristmasandne00parlgoog-047_ex_0.jpg,"thresher,-thrasher,-threshing-machine"
../img/peter-parley/achristmasandne00parlgoog-049_ex_0.jpg,"marimba,-xylophone"
../img/peter-parley/achristmasandne00parlgoog-053_ex_0.jpg,oxcart
../img/peter-parley/achristmasandne00parlgoog-055_ex_0.jpg,stretcher
../img/peter-parley/achristmasandne00parlgoog-056_ex_0.jpg,"thresher,-thrasher,-threshing-machine"
../img/peter-parley/achristmasandne00parlgoog-057_ex_0.jpg,"fire-screen,-fireguard"
../img/peter-parley/achristmasandne00parlgoog-058_ex_0.jpg,castle
../img/peter-parley/achristmasandne00parlgoog-061_ex_0.jpg,"aircraft-carrier,-carrier,-flattop,-attack-aircraft-carrier"
../img/peter-parley/achristmasandne00parlgoog-067_ex_0.jpg,"worm-fence,-snake-fence,-snake-rail-fence,-Virginia-fence"
../img/peter-parley/achristmasandne00parlgoog-068_ex_0.jpg,velvet
../img/peter-parley/achristmasandne00parlgoog-070_ex_0.jpg,"tank,-army-tank,-armored-combat-vehicle,-armoured-combat-vehicle"
../img/peter-parley/achristmasandne00parlgoog-071_ex_0.jpg,shower-curtain
../img/peter-parley/achristmasandne00parlgoog-072_ex_0.jpg,head-cabbage
../img/peter-parley/achristmasandne00parlgoog-073_ex_0.jpg,toilet-seat
../img/peter-parley/achristmasandne00parlgoog-075_ex_0.jpg,honeycomb
../img/peter-parley/achristmasandne00parlgoog-076_ex_0.jpg,"worm-fence,-snake-fence,-snake-rail-fence,-Virginia-fence"
../img/peter-parley/achristmasandne00parlgoog-078_ex_0.jpg,envelope
../img/peter-parley/achristmasandne00parlgoog-085_ex_0.jpg,"prayer-rug,-prayer-mat"
../img/peter-parley/achristmasandne00parlgoog-086_ex_0.jpg,"bell-cote,-bell-cot"
../img/peter-parley/achristmasandne00parlgoog-087_ex_0.jpg,castle
../img/peter-parley/achristmasandne00parlgoog-088_ex_0.jpg,vault
../img/peter-parley/achristmasandne00parlgoog-092_ex_0.jpg,"bell-cote,-bell-cot"
../img/peter-parley/achristmasandne00parlgoog-093_ex_0.jpg,"fire-screen,-fireguard"
../img/peter-parley/achristmasandne00parlgoog-094_ex_0.jpg,"ground-beetle,-carabid-beetle"
../img/peter-parley/achristmasandne00parlgoog-098_ex_0.jpg,"pirate,-pirate-ship"
../img/peter-parley/achristmasandne00parlgoog-101_ex_0.jpg,half-track
../img/peter-parley/achristmasandne00parlgoog-102_ex_0.jpg,"nematode,-nematode-worm,-roundworm"
../img/peter-parley/achristmasandne00parlgoog-103_ex_0.jpg,"lumbermill,-sawmill"
../img/peter-parley/achristmasandne00parlgoog-108_ex_0.jpg,pickelhaube
../img/peter-parley/achristmasandne00parlgoog-110_ex_0.jpg,envelope
../img/peter-parley/achristmasandne00parlgoog-112_ex_0.jpg,zebra
../img/peter-parley/achristmasandne00parlgoog-114_ex_0.jpg,"African-crocodile,-Nile-crocodile,-Crocodylus-niloticus"
../img/peter-parley/achristmasandne00parlgoog-116_ex_0.jpg,trilobite
../img/peter-parley/achristmasandne00parlgoog-117_ex_0.jpg,gondola
../img/peter-parley/achristmasandne00parlgoog-118_ex_0.jpg,"prayer-rug,-prayer-mat"
../img/peter-parley/achristmasandne00parlgoog-120_ex_0.jpg,Irish-wolfhound
../img/peter-parley/achristmasandne00parlgoog-121_ex_0.jpg,"book-jacket,-dust-cover,-dust-jacket,-dust-wrapper"
../img/peter-parley/achristmasandne00parlgoog-126_ex_0.jpg,"horse-cart,-horse-cart"
../img/peter-parley/achristmasandne00parlgoog-127_ex_0.jpg,"stupa,-tope"
../img/peter-parley/achristmasandne00parlgoog-128_ex_0.jpg,"tank,-army-tank,-armored-combat-vehicle,-armoured-combat-vehicle"
../img/peter-parley/achristmasandne00parlgoog-130_ex_0.jpg,"hoopskirt,-crinoline"
../img/peter-parley/achristmasandne00parlgoog-132_ex_0.jpg,"hoopskirt,-crinoline"
../img/peter-parley/achristmasandne00parlgoog-133_ex_0.jpg,"doormat,-welcome-mat"
../img/peter-parley/achristmasandne00parlgoog-136_ex_0.jpg,throne
../img/peter-parley/achristmasandne00parlgoog-138_ex_0.jpg,"chimpanzee,-chimp,-Pan-troglodytes"
../img/peter-parley/achristmasandne00parlgoog-140_ex_0.jpg,"dogsled,-dog-sled,-dog-sleigh"
../img/peter-parley/achristmasandne00parlgoog-142_ex_0.jpg,"fire-screen,-fireguard"
../img/peter-parley/achristmasandne00parlgoog-143_ex_0.jpg,buckle
../img/peter-parley/achristmasandne00parlgoog-145_ex_0.jpg,comic-book
../img/peter-parley/achristmasandne00parlgoog-148_ex_0.jpg,"bell-cote,-bell-cot"
../img/peter-parley/achristmasandne00parlgoog-149_ex_0.jpg,"fire-screen,-fireguard"
../img/peter-parley/achristmasandne00parlgoog-150_ex_0.jpg,"breastplate,-aegis,-egis"
../img/peter-parley/achristmasandne00parlgoog-151_ex_0.jpg,triceratops
../img/peter-parley/achristmasandne00parlgoog-154_ex_0.jpg,buckle
../img/peter-parley/achristmasandne00parlgoog-156_ex_0.jpg,beaver
../img/peter-parley/achristmasandne00parlgoog-157_ex_0.jpg,pickelhaube
../img/peter-parley/achristmasandne00parlgoog-158_ex_0.jpg,"book-jacket,-dust-cover,-dust-jacket,-dust-wrapper"
../img/peter-parley/achristmasandne00parlgoog-161_ex_0.jpg,boathouse
../img/peter-parley/achristmasandne00parlgoog-162_ex_0.jpg,velvet
../img/peter-parley/achristmasandne00parlgoog-163_ex_0.jpg,wreck
../img/peter-parley/achristmasandne00parlgoog-166_ex_0.jpg,"thatch,-thatched-roof"
../img/peter-parley/achristmasandne00parlgoog-168_ex_0.jpg,gondola
../img/peter-parley/achristmasandne00parlgoog-174_ex_0.jpg,"doormat,-welcome-mat"
../img/peter-parley/achristmasandne00parlgoog-175_ex_0.jpg,"book-jacket,-dust-cover,-dust-jacket,-dust-wrapper"
../img/peter-parley/achristmasandne00parlgoog-176_ex_0.jpg,"greenhouse,-nursery,-glasshouse"
../img/peter-parley/achristmasandne00parlgoog-178_ex_0.jpg,"fire-screen,-fireguard"
../img/peter-parley/achristmasandne00parlgoog-180_ex_0.jpg,"book-jacket,-dust-cover,-dust-jacket,-dust-wrapper"
../img/peter-parley/achristmasandne00parlgoog-181_ex_0.jpg,fur-coat
../img/peter-parley/achristmasandne00parlgoog-184_ex_0.jpg,altar
../img/peter-parley/achristmasandne00parlgoog-185_ex_0.jpg,"fire-screen,-fireguard"
../img/peter-parley/achristmasandne00parlgoog-188_ex_0.jpg,"pot,-flowerpot"
../img/peter-parley/achristmasandne00parlgoog-191_ex_0.jpg,"quill,-quill-pen"
../img/peter-parley/achristmasandne00parlgoog-193_ex_0.jpg,"Scottish-deerhound,-deerhound"
../img/peter-parley/achristmasandne00parlgoog-195_ex_0.jpg,"dam,-dike,-dyke"
../img/peter-parley/achristmasandne00parlgoog-200_ex_0.jpg,bulletproof-vest
../img/peter-parley/achristmasandne00parlgoog-205_ex_0.jpg,castle
../img/peter-parley/achristmasandne00parlgoog-206_ex_0.jpg,vault
../img/peter-parley/achristmasandne00parlgoog-207_ex_0.jpg,"tank,-army-tank,-armored-combat-vehicle,-armoured-combat-vehicle"
../img/peter-parley/achristmasandne00parlgoog-210_ex_0.jpg,comic-book
../img/peter-parley/achristmasandne00parlgoog-214_ex_0.jpg,viaduct
../img/peter-parley/achristmasandne00parlgoog-223_ex_0.jpg,"picket-fence,-paling"
../img/peter-parley/achristmasandne00parlgoog-225_ex_0.jpg,monastery
../img/peter-parley/achristmasandne00parlgoog-226_ex_0.jpg,"fire-screen,-fireguard"
../img/peter-parley/achristmasandne00parlgoog-230_ex_0.jpg,comic-book
../img/peter-parley/achristmasandne00parlgoog-231_ex_0.jpg,"book-jacket,-dust-cover,-dust-jacket,-dust-wrapper"
../img/peter-parley/achristmasandne00parlgoog-233_ex_0.jpg,"book-jacket,-dust-cover,-dust-jacket,-dust-wrapper"
../img/peter-parley/achristmasandne00parlgoog-235_ex_0.jpg,castle
../img/peter-parley/achristmasandne00parlgoog-237_ex_0.jpg,rifle
../img/peter-parley/achristmasandne00parlgoog-238_ex_0.jpg,"fire-screen,-fireguard"
../img/peter-parley/achristmasandne00parlgoog-239_ex_0.jpg,castle
../img/peter-parley/achristmasandne00parlgoog-242_ex_0.jpg,"shield,-buckler"
../img/peter-parley/achristmasandne00parlgoog-243_ex_0.jpg,comic-book
../img/peter-parley/achristmasandne00parlgoog-254_ex_0.jpg,"book-jacket,-dust-cover,-dust-jacket,-dust-wrapper"
../img/peter-parley/achristmasandne00parlgoog-257_ex_0.jpg,yawl
../img/peter-parley/achristmasandne00parlgoog-258_ex_0.jpg,buckle
../img/peter-parley/achristmasandne00parlgoog-260_ex_0.jpg,guillotine
../img/peter-parley/achristmasandne00parlgoog-262_ex_0.jpg,"accordion,-piano-accordion,-squeeze-box"
../img/peter-parley/achristmasandne00parlgoog-264_ex_0.jpg,"panpipe,-pandean-pipe,-syrinx"
../img/peter-parley/achristmasandne00parlgoog-267_ex_0.jpg,"book-jacket,-dust-cover,-dust-jacket,-dust-wrapper"
../img/peter-parley/achristmasandne00parlgoog-270_ex_0.jpg,"fire-screen,-fireguard"
../img/peter-parley/achristmasandne00parlgoog-272_ex_0.jpg,"hen-of-the-woods,-hen-of-the-woods,-Polyporus-frondosus,-Grifola-frondosa"
../img/peter-parley/achristmasandne00parlgoog-276_ex_0.jpg,castle
../img/peter-parley/achristmasandne00parlgoog-278_ex_0.jpg,"three-toed-sloth,-ai,-Bradypus-tridactylus"
../img/peter-parley/achristmasandne00parlgoog-279_ex_0.jpg,armadillo
../img/peter-parley/achristmasandne00parlgoog-280_ex_0.jpg,"skunk,-polecat,-wood-pussy"
../img/peter-parley/achristmasandne00parlgoog-281_ex_0.jpg,comic-book
../img/peter-parley/achristmasandne00parlgoog-282_ex_0.jpg,"black-stork,-Ciconia-nigra"
../img/peter-parley/achristmasandne00parlgoog-283_ex_0.jpg,"prairie-chicken,-prairie-grouse,-prairie-fowl"
../img/peter-parley/achristmasandne00parlgoog-284_ex_0.jpg,sea-lion
../img/peter-parley/achristmasandne00parlgoog-286_ex_0.jpg,"rock-python,-rock-snake,-Python-sebae"
../img/peter-parley/achristmasandne00parlgoog-295_ex_0.jpg,"shield,-buckler"
../img/peter-parley/achristmasandne00parlgoog-297_ex_0.jpg,"Indian-cobra,-Naja-naja"
../img/peter-parley/achristmasandne00parlgoog-301_ex_0.jpg,monastery
../img/peter-parley/achristmasandne00parlgoog-302_ex_0.jpg,velvet
../img/peter-parley/achristmasandne00parlgoog-306_ex_0.jpg,"hen-of-the-woods,-hen-of-the-woods,-Polyporus-frondosus,-Grifola-frondosa"
../img/peter-parley/achristmasandne00parlgoog-307_ex_0.jpg,"hen-of-the-woods,-hen-of-the-woods,-Polyporus-frondosus,-Grifola-frondosa"
../img/peter-parley/achristmasandne00parlgoog-308_ex_0.jpg,"chimpanzee,-chimp,-Pan-troglodytes"
../img/peter-parley/achristmasandne00parlgoog-309_ex_0.jpg,gondola
../img/peter-parley/achristmasandne00parlgoog-310_ex_0.jpg,beaver
../img/peter-parley/achristmasandne00parlgoog-311_ex_0.jpg,ox
../img/peter-parley/achristmasandne00parlgoog-312_ex_0.jpg,yurt
../img/peter-parley/achristmasandne00parlgoog-316_ex_0.jpg,"cliff,-drop,-drop-off"
../img/peter-parley/achristmasandne00parlgoog-318_ex_0.jpg,castle
../img/peter-parley/achristmasandne00parlgoog-320_ex_0.jpg,park-bench
../img/peter-parley/achristmasandne00parlgoog-321_ex_0.jpg,"fire-screen,-fireguard"
../img/peter-parley/achristmasandne00parlgoog-326_ex_0.jpg,"book-jacket,-dust-cover,-dust-jacket,-dust-wrapper"
../img/peter-parley/achristmasandne00parlgoog-336_ex_0.jpg,"fire-screen,-fireguard"
../img/peter-parley/achristmasandne00parlgoog-337_ex_0.jpg,"Afghan-hound,-Afghan"
../img/peter-parley/achristmasandne00parlgoog-340_ex_0.jpg,"fire-screen,-fireguard"
../img/peter-parley/achristmasandne00parlgoog-341_ex_0.jpg,"book-jacket,-dust-cover,-dust-jacket,-dust-wrapper"
../img/peter-parley/achristmasandne00parlgoog-348_ex_0.jpg,"book-jacket,-dust-cover,-dust-jacket,-dust-wrapper"
../img/peter-parley/achristmasandne00parlgoog-349_ex_0.jpg,"breastplate,-aegis,-egis"
../img/peter-parley/achristmasandne00parlgoog-351_ex_0.jpg,"ant,-emmet,-pismire"
../img/peter-parley/achristmasandne00parlgoog-353_ex_0.jpg,"book-jacket,-dust-cover,-dust-jacket,-dust-wrapper"
../img/peter-parley/achristmasandne00parlgoog-355_ex_0.jpg,"book-jacket,-dust-cover,-dust-jacket,-dust-wrapper"
../img/peter-parley/achristmasandne00parlgoog-358_ex_0.jpg,alp
../img/peter-parley/achristmasandne00parlgoog-360_ex_0.jpg,"airship,-dirigible"
../img/peter-parley/achristmasandne00parlgoog-363_ex_0.jpg,space-shuttle
../img/peter-parley/achristmasandne00parlgoog-366_ex_0.jpg,"aircraft-carrier,-carrier,-flattop,-attack-aircraft-carrier"
../img/peter-parley/achristmasandne00parlgoog-368_ex_0.jpg,"aircraft-carrier,-carrier,-flattop,-attack-aircraft-carrier"
../img/peter-parley/achristmasandne00parlgoog-371_ex_0.jpg,"fire-screen,-fireguard"
../img/peter-parley/achristmasandne00parlgoog-372_ex_0.jpg,"prairie-chicken,-prairie-grouse,-prairie-fowl"
../img/peter-parley/achristmasandne00parlgoog-373_ex_0.jpg,hair-slide
../img/peter-parley/achristmasandne00parlgoog-376_ex_0.jpg,shovel
../img/peter-parley/achristmasandne00parlgoog-379_ex_0.jpg,"book-jacket,-dust-cover,-dust-jacket,-dust-wrapper"
../img/peter-parley/achristmasandne00parlgoog-382_ex_0.jpg,"pedestal,-plinth,-footstall"
../img/peter-parley/achristmasandne00parlgoog-387_ex_0.jpg,giant-schnauzer
../img/peter-parley/achristmasandne00parlgoog-390_ex_0.jpg,shovel
../img/peter-parley/aggotsforfires00parlgoog-001_ex_0.jpg,"hook,-claw"
../img/peter-parley/aggotsforfires00parlgoog-003_ex_0.jpg,barber-chair
../img/peter-parley/aggotsforfires00parlgoog-005_ex_0.jpg,shovel
../img/peter-parley/aggotsforfires00parlgoog-007_ex_0.jpg,alp
../img/peter-parley/aggotsforfires00parlgoog-013_ex_0.jpg,shovel
../img/peter-parley/aggotsforfires00parlgoog-021_ex_0.jpg,hammer
../img/peter-parley/aggotsforfires00parlgoog-047_ex_0.jpg,"book-jacket,-dust-cover,-dust-jacket,-dust-wrapper"
../img/peter-parley/aggotsforfires00parlgoog-053_ex_0.jpg,"Afghan-hound,-Afghan"
../img/peter-parley/aggotsforfires00parlgoog-057_ex_0.jpg,"Bouvier-des-Flandres,-Bouviers-des-Flandres"
../img/peter-parley/aggotsforfires00parlgoog-069_ex_0.jpg,"Scottish-deerhound,-deerhound"
../img/peter-parley/aggotsforfires00parlgoog-095_ex_0.jpg,snowmobile
../img/peter-parley/aggotsforfires00parlgoog-157_ex_0.jpg,fountain
../img/peter-parley/aggotsforfires00parlgoog-205_ex_0.jpg,volcano
../img/peter-parley/aggotsforfires00parlgoog-255_ex_0.jpg,"book-jacket,-dust-cover,-dust-jacket,-dust-wrapper"
../img/peter-parley/aggotsforfires00parlgoog-279_ex_0.jpg,wreck
../img/peter-parley/aggotsforfires00parlgoog-321_ex_0.jpg,"cliff,-drop,-drop-off"
../img/peter-parley/aggotsforfires00parlgoog-343_ex_0.jpg,"web-site,-website,-internet-site,-site"
../img/peter-parley/aggotsforfires00parlgoog-344_ex_0.jpg,"web-site,-website,-internet-site,-site"
../img/peter-parley/aggotsforfires00parlgoog-345_ex_0.jpg,"crossword-puzzle,-crossword"
../img/peter-parley/aggotsforfires00parlgoog-347_ex_0.jpg,"web-site,-website,-internet-site,-site"
../img/peter-parley/aggotsforfires00parlgoog-350_ex_0.jpg,folding-chair
../img/peter-parley/agrammarmoderng00parlgoog-001_ex_0.jpg,"hook,-claw"
../img/peter-parley/agrammarmoderng00parlgoog-002_ex_0.jpg,"jersey,-T-shirt,-tee-shirt"
../img/peter-parley/agrammarmoderng00parlgoog-003_ex_0.jpg,folding-chair
../img/peter-parley/agrammarmoderng00parlgoog-008_ex_0.jpg,comic-book
../img/peter-parley/agrammarmoderng00parlgoog-018_ex_0.jpg,fur-coat
../img/peter-parley/agrammarmoderng00parlgoog-021_ex_0.jpg,tray
../img/peter-parley/agrammarmoderng00parlgoog-026_ex_0.jpg,Irish-water-spaniel
../img/peter-parley/agrammarmoderng00parlgoog-029_ex_0.jpg,schooner
../img/peter-parley/agrammarmoderng00parlgoog-031_ex_0.jpg,comic-book
../img/peter-parley/agrammarmoderng00parlgoog-037_ex_0.jpg,"airship,-dirigible"
../img/peter-parley/agrammarmoderng00parlgoog-042_ex_0.jpg,window-screen
../img/peter-parley/agrammarmoderng00parlgoog-048_ex_0.jpg,"picket-fence,-paling"
../img/peter-parley/agrammarmoderng00parlgoog-051_ex_0.jpg,"slide-rule,-slipstick"
../img/peter-parley/agrammarmoderng00parlgoog-052_ex_0.jpg,manhole-cover
../img/peter-parley/agrammarmoderng00parlgoog-054_ex_0.jpg,"lakeside,-lakeshore"
../img/peter-parley/agrammarmoderng00parlgoog-055_ex_0.jpg,"book-jacket,-dust-cover,-dust-jacket,-dust-wrapper"
../img/peter-parley/agrammarmoderng00parlgoog-056_ex_0.jpg,jigsaw-puzzle
../img/peter-parley/agrammarmoderng00parlgoog-061_ex_0.jpg,"dogsled,-dog-sled,-dog-sleigh"
../img/peter-parley/agrammarmoderng00parlgoog-065_ex_0.jpg,schooner
../img/peter-parley/agrammarmoderng00parlgoog-069_ex_0.jpg,"Arabian-camel,-dromedary,-Camelus-dromedarius"
../img/peter-parley/agrammarmoderng00parlgoog-070_ex_0.jpg,"book-jacket,-dust-cover,-dust-jacket,-dust-wrapper"
../img/peter-parley/agrammarmoderng00parlgoog-074_ex_0.jpg,hartebeest
../img/peter-parley/agrammarmoderng00parlgoog-075_ex_0.jpg,"breakwater,-groin,-groyne,-mole,-bulwark,-seawall,-jetty"
../img/peter-parley/agrammarmoderng00parlgoog-079_ex_0.jpg,gondola
../img/peter-parley/agrammarmoderng00parlgoog-080_ex_0.jpg,jigsaw-puzzle
../img/peter-parley/agrammarmoderng00parlgoog-083_ex_0.jpg,"book-jacket,-dust-cover,-dust-jacket,-dust-wrapper"
../img/peter-parley/agrammarmoderng00parlgoog-084_ex_0.jpg,castle
../img/peter-parley/agrammarmoderng00parlgoog-087_ex_0.jpg,Irish-water-spaniel
../img/peter-parley/agrammarmoderng00parlgoog-092_ex_0.jpg,fountain
../img/peter-parley/agrammarmoderng00parlgoog-098_ex_0.jpg,fountain
../img/peter-parley/agrammarmoderng00parlgoog-101_ex_0.jpg,steel-arch-bridge
../img/peter-parley/agrammarmoderng00parlgoog-102_ex_0.jpg,boathouse
../img/peter-parley/agrammarmoderng00parlgoog-107_ex_0.jpg,gondola
../img/peter-parley/agrammarmoderng00parlgoog-111_ex_0.jpg,"killer-whale,-killer,-orca,-grampus,-sea-wolf,-Orcinus-orca"
../img/peter-parley/agrammarmoderng00parlgoog-112_ex_0.jpg,"thresher,-thrasher,-threshing-machine"
../img/peter-parley/agrammarmoderng00parlgoog-118_ex_0.jpg,"barrel,-cask"
../img/peter-parley/agrammarmoderng00parlgoog-119_ex_0.jpg,"cliff,-drop,-drop-off"
../img/peter-parley/agrammarmoderng00parlgoog-125_ex_0.jpg,"mobile-home,-manufactured-home"
../img/peter-parley/agrammarmoderng00parlgoog-126_ex_0.jpg,"hoopskirt,-crinoline"
../img/peter-parley/agrammarmoderng00parlgoog-130_ex_0.jpg,fountain
../img/peter-parley/agrammarmoderng00parlgoog-131_ex_0.jpg,fountain
../img/peter-parley/agrammarmoderng00parlgoog-135_ex_0.jpg,wreck
../img/peter-parley/agrammarmoderng00parlgoog-136_ex_0.jpg,"water-buffalo,-water-ox,-Asiatic-buffalo,-Bubalus-bubalis"
../img/peter-parley/agrammarmoderng00parlgoog-144_ex_0.jpg,"thresher,-thrasher,-threshing-machine"
../img/peter-parley/agrammarmoderng00parlgoog-150_ex_0.jpg,"submarine,-pigboat,-sub,-U-boat"
../img/peter-parley/agrammarmoderng00parlgoog-154_ex_0.jpg,scorpion
../img/peter-parley/agrammarmoderng00parlgoog-161_ex_0.jpg,"aircraft-carrier,-carrier,-flattop,-attack-aircraft-carrier"
../img/peter-parley/agrammarmoderng00parlgoog-165_ex_0.jpg,comic-book
../img/peter-parley/agrammarmoderng00parlgoog-169_ex_0.jpg,boathouse
../img/peter-parley/agrammarmoderng00parlgoog-170_ex_0.jpg,castle
../img/peter-parley/agrammarmoderng00parlgoog-173_ex_0.jpg,fountain
../img/peter-parley/agrammarmoderng00parlgoog-174_ex_0.jpg,"Scottish-deerhound,-deerhound"
../img/peter-parley/agrammarmoderng00parlgoog-179_ex_0.jpg,bow
../img/peter-parley/agrammarmoderng00parlgoog-180_ex_0.jpg,thimble
../img/peter-parley/agrammarmoderng00parlgoog-182_ex_0.jpg,jigsaw-puzzle
../img/peter-parley/agrammarmoderng00parlgoog-190_ex_0.jpg,mosque
../img/peter-parley/agrammarmoderng00parlgoog-196_ex_0.jpg,fountain
../img/peter-parley/agrammarmoderng00parlgoog-198_ex_0.jpg,jigsaw-puzzle
../img/peter-parley/agrammarmoderng00parlgoog-205_ex_0.jpg,hermit-crab
../img/peter-parley/agrammarmoderng00parlgoog-206_ex_0.jpg,"book-jacket,-dust-cover,-dust-jacket,-dust-wrapper"
../img/peter-parley/agrammarmoderng00parlgoog-213_ex_0.jpg,monastery
../img/peter-parley/agrammarmoderng00parlgoog-214_ex_0.jpg,fountain
../img/peter-parley/agrammarmoderng00parlgoog-219_ex_0.jpg,"Arabian-camel,-dromedary,-Camelus-dromedarius"
../img/peter-parley/agrammarmoderng00parlgoog-220_ex_0.jpg,jigsaw-puzzle
../img/peter-parley/agrammarmoderng00parlgoog-224_ex_0.jpg,"American-black-bear,-black-bear,-Ursus-americanus,-Euarctos-americanus"
../img/peter-parley/agrammarmoderng00parlgoog-229_ex_0.jpg,monastery
../img/peter-parley/agrammarmoderng00parlgoog-230_ex_0.jpg,alp
../img/peter-parley/agrammarmoderng00parlgoog-234_ex_0.jpg,"thatch,-thatched-roof"
../img/peter-parley/agrammarmoderng00parlgoog-240_ex_0.jpg,"hoopskirt,-crinoline"
../img/peter-parley/agrammarmoderng00parlgoog-246_ex_0.jpg,"book-jacket,-dust-cover,-dust-jacket,-dust-wrapper"
../img/peter-parley/agrammarmoderng00parlgoog-247_ex_0.jpg,"book-jacket,-dust-cover,-dust-jacket,-dust-wrapper"
../img/peter-parley/agrammarmoderng00parlgoog-251_ex_0.jpg,tray
../img/peter-parley/agrammarmoderng00parlgoog-252_ex_0.jpg,"ibex,-Capra-ibex"
../img/peter-parley/agrammarmoderng00parlgoog-256_ex_0.jpg,cup
../img/peter-parley/agrammarmoderng00parlgoog-257_ex_0.jpg,"Arabian-camel,-dromedary,-Camelus-dromedarius"
../img/peter-parley/agrammarmoderng00parlgoog-263_ex_0.jpg,"jinrikisha,-ricksha,-rickshaw"
../img/peter-parley/agrammarmoderng00parlgoog-269_ex_0.jpg,alp
../img/peter-parley/agrammarmoderng00parlgoog-270_ex_0.jpg,"grey-whale,-gray-whale,-devilfish,-Eschrichtius-gibbosus,-Eschrichtius-robustus"
../img/peter-parley/agrammarmoderng00parlgoog-277_ex_0.jpg,"book-jacket,-dust-cover,-dust-jacket,-dust-wrapper"
../img/peter-parley/agrammarmoderng00parlgoog-278_ex_0.jpg,"hen-of-the-woods,-hen-of-the-woods,-Polyporus-frondosus,-Grifola-frondosa"
../img/peter-parley/agrammarmoderng00parlgoog-280_ex_0.jpg,"oscilloscope,-scope,-cathode-ray-oscilloscope,-CRO"
../img/peter-parley/agrammarmoderng00parlgoog-283_ex_0.jpg,fountain
../img/peter-parley/agrammarmoderng00parlgoog-284_ex_0.jpg,"fire-screen,-fireguard"
../img/peter-parley/agrammarmoderng00parlgoog-289_ex_0.jpg,"Indian-elephant,-Elephas-maximus"
../img/peter-parley/agrammarmoderng00parlgoog-295_ex_0.jpg,"megalith,-megalithic-structure"
../img/peter-parley/agrammarmoderng00parlgoog-296_ex_0.jpg,"book-jacket,-dust-cover,-dust-jacket,-dust-wrapper"
../img/peter-parley/agrammarmoderng00parlgoog-300_ex_0.jpg,"ballplayer,-baseball-player"
../img/peter-parley/agrammarmoderng00parlgoog-301_ex_0.jpg,pickelhaube
../img/peter-parley/agrammarmoderng00parlgoog-303_ex_0.jpg,yurt
../img/peter-parley/agrammarmoderng00parlgoog-304_ex_0.jpg,jigsaw-puzzle
../img/peter-parley/agrammarmoderng00parlgoog-308_ex_0.jpg,gondola
../img/peter-parley/agrammarmoderng00parlgoog-309_ex_0.jpg,"book-jacket,-dust-cover,-dust-jacket,-dust-wrapper"
../img/peter-parley/agrammarmoderng00parlgoog-310_ex_0.jpg,jigsaw-puzzle
../img/peter-parley/agrammarmoderng00parlgoog-318_ex_0.jpg,alp
../img/peter-parley/agrammarmoderng00parlgoog-320_ex_0.jpg,"rubber-eraser,-rubber,-pencil-eraser"
../img/peter-parley/agrammarmoderng00parlgoog-327_ex_0.jpg,"dam,-dike,-dyke"
../img/peter-parley/agrammarmoderng00parlgoog-328_ex_0.jpg,fountain
../img/peter-parley/agrammarmoderng00parlgoog-336_ex_0.jpg,"book-jacket,-dust-cover,-dust-jacket,-dust-wrapper"
../img/peter-parley/agrammarmoderng00parlgoog-340_ex_0.jpg,viaduct
../img/peter-parley/agrammarmoderng00parlgoog-341_ex_0.jpg,knot
../img/peter-parley/agrammarmoderng00parlgoog-344_ex_0.jpg,jigsaw-puzzle
../img/peter-parley/agrammarmoderng00parlgoog-348_ex_0.jpg,komondor
../img/peter-parley/agrammarmoderng00parlgoog-350_ex_0.jpg,"cliff,-drop,-drop-off"
../img/peter-parley/agrammarmoderng00parlgoog-353_ex_0.jpg,"Norwegian-elkhound,-elkhound"
../img/peter-parley/agrammarmoderng00parlgoog-354_ex_0.jpg,"oscilloscope,-scope,-cathode-ray-oscilloscope,-CRO"
../img/peter-parley/agrammarmoderng00parlgoog-359_ex_0.jpg,gondola
../img/peter-parley/agrammarmoderng00parlgoog-360_ex_0.jpg,"prison,-prison-house"
../img/peter-parley/agrammarmoderng00parlgoog-365_ex_0.jpg,throne
../img/peter-parley/agrammarmoderng00parlgoog-366_ex_0.jpg,"tank,-army-tank,-armored-combat-vehicle,-armoured-combat-vehicle"
../img/peter-parley/agrammarmoderng00parlgoog-369_ex_0.jpg,gondola
../img/peter-parley/agrammarmoderng00parlgoog-373_ex_0.jpg,"cliff,-drop,-drop-off"
../img/peter-parley/agrammarmoderng00parlgoog-377_ex_0.jpg,"cliff,-drop,-drop-off"
../img/peter-parley/agrammarmoderng00parlgoog-380_ex_0.jpg,swing
../img/peter-parley/agrammarmoderng00parlgoog-381_ex_0.jpg,"electric-fan,-blower"
../img/peter-parley/agrammarmoderng00parlgoog-384_ex_0.jpg,"barrel,-cask"
../img/peter-parley/agrammarmoderng00parlgoog-388_ex_0.jpg,harp
../img/peter-parley/agrammarmoderng00parlgoog-394_ex_0.jpg,tray
../img/peter-parley/agrammarmoderng00parlgoog-402_ex_0.jpg,street-sign
../img/peter-parley/agrammarmoderng00parlgoog-403_ex_0.jpg,"binder,-ring-binder"
../img/peter-parley/amousmenofmoder005412mb-006_ex_0.jpg,chain
../img/peter-parley/amousmenofmoder005412mb-008_ex_0.jpg,"web-site,-website,-internet-site,-site"
../img/peter-parley/amousmenofmoder005412mb-009_ex_0.jpg,"web-site,-website,-internet-site,-site"
../img/peter-parley/amousmenofmoder005412mb-010_ex_0.jpg,fur-coat
../img/peter-parley/amousmenofmoder005412mb-051_ex_0.jpg,"book-jacket,-dust-cover,-dust-jacket,-dust-wrapper"
../img/peter-parley/amousmenofmoder005412mb-052_ex_0.jpg,fur-coat
../img/peter-parley/amousmenofmoder005412mb-080_ex_0.jpg,cloak
../img/peter-parley/amousmenofmoder005412mb-083_ex_0.jpg,"book-jacket,-dust-cover,-dust-jacket,-dust-wrapper"
../img/peter-parley/amousmenofmoder005412mb-087_ex_0.jpg,"stopwatch,-stop-watch"
../img/peter-parley/amousmenofmoder005412mb-090_ex_0.jpg,"shield,-buckler"
../img/peter-parley/amousmenofmoder005412mb-091_ex_0.jpg,military-uniform
../img/peter-parley/amousmenofmoder005412mb-094_ex_0.jpg,military-uniform
../img/peter-parley/amousmenofmoder005412mb-102_ex_0.jpg,"book-jacket,-dust-cover,-dust-jacket,-dust-wrapper"
../img/peter-parley/amousmenofmoder005412mb-117_ex_0.jpg,"airship,-dirigible"
../img/peter-parley/amousmenofmoder005412mb-119_ex_0.jpg,"prayer-rug,-prayer-mat"
../img/peter-parley/amousmenofmoder005412mb-136_ex_0.jpg,"Gila-monster,-Heloderma-suspectum"
../img/peter-parley/amousmenofmoder005412mb-137_ex_0.jpg,buckle
../img/peter-parley/amousmenofmoder005412mb-141_ex_0.jpg,toilet-seat
../img/peter-parley/amousmenofmoder005412mb-156_ex_0.jpg,zebra
../img/peter-parley/amousmenofmoder005412mb-193_ex_0.jpg,"hen-of-the-woods,-hen-of-the-woods,-Polyporus-frondosus,-Grifola-frondosa"
../img/peter-parley/amousmenofmoder005412mb-194_ex_0.jpg,"book-jacket,-dust-cover,-dust-jacket,-dust-wrapper"
../img/peter-parley/amousmenofmoder005412mb-208_ex_0.jpg,"book-jacket,-dust-cover,-dust-jacket,-dust-wrapper"
../img/peter-parley/amousmenofmoder005412mb-210_ex_0.jpg,pickelhaube
../img/peter-parley/amousmenofmoder005412mb-229_ex_0.jpg,"book-jacket,-dust-cover,-dust-jacket,-dust-wrapper"
../img/peter-parley/amousmenofmoder005412mb-230_ex_0.jpg,buckle
../img/peter-parley/amousmenofmoder005412mb-245_ex_0.jpg,"cliff,-drop,-drop-off"
../img/peter-parley/amousmenofmoder005412mb-246_ex_0.jpg,"chimpanzee,-chimp,-Pan-troglodytes"
../img/peter-parley/amousmenofmoder005412mb-274_ex_0.jpg,buckle
../img/peter-parley/amousmenofmoder005412mb-275_ex_0.jpg,"shield,-buckler"
../img/peter-parley/amousmenofmoder017512mb-006_ex_0.jpg,chain
../img/peter-parley/amousmenofmoder017512mb-008_ex_0.jpg,"web-site,-website,-internet-site,-site"
../img/peter-parley/amousmenofmoder017512mb-009_ex_0.jpg,"web-site,-website,-internet-site,-site"
../img/peter-parley/amousmenofmoder017512mb-010_ex_0.jpg,fur-coat
../img/peter-parley/amousmenofmoder017512mb-051_ex_0.jpg,"book-jacket,-dust-cover,-dust-jacket,-dust-wrapper"
../img/peter-parley/amousmenofmoder017512mb-052_ex_0.jpg,fur-coat
../img/peter-parley/amousmenofmoder017512mb-080_ex_0.jpg,cloak
../img/peter-parley/amousmenofmoder017512mb-083_ex_0.jpg,"book-jacket,-dust-cover,-dust-jacket,-dust-wrapper"
../img/peter-parley/amousmenofmoder017512mb-087_ex_0.jpg,"stopwatch,-stop-watch"
../img/peter-parley/amousmenofmoder017512mb-090_ex_0.jpg,"shield,-buckler"
../img/peter-parley/amousmenofmoder017512mb-091_ex_0.jpg,military-uniform
../img/peter-parley/amousmenofmoder017512mb-094_ex_0.jpg,military-uniform
../img/peter-parley/amousmenofmoder017512mb-102_ex_0.jpg,"book-jacket,-dust-cover,-dust-jacket,-dust-wrapper"
../img/peter-parley/amousmenofmoder017512mb-117_ex_0.jpg,"airship,-dirigible"
../img/peter-parley/amousmenofmoder017512mb-119_ex_0.jpg,"prayer-rug,-prayer-mat"
../img/peter-parley/amousmenofmoder017512mb-136_ex_0.jpg,"Gila-monster,-Heloderma-suspectum"
../img/peter-parley/amousmenofmoder017512mb-137_ex_0.jpg,buckle
../img/peter-parley/amousmenofmoder017512mb-141_ex_0.jpg,toilet-seat
../img/peter-parley/amousmenofmoder017512mb-156_ex_0.jpg,zebra
../img/peter-parley/amousmenofmoder017512mb-193_ex_0.jpg,"hen-of-the-woods,-hen-of-the-woods,-Polyporus-frondosus,-Grifola-frondosa"
../img/peter-parley/amousmenofmoder017512mb-194_ex_0.jpg,"book-jacket,-dust-cover,-dust-jacket,-dust-wrapper"
../img/peter-parley/amousmenofmoder017512mb-208_ex_0.jpg,"book-jacket,-dust-cover,-dust-jacket,-dust-wrapper"
../img/peter-parley/amousmenofmoder017512mb-210_ex_0.jpg,pickelhaube
../img/peter-parley/amousmenofmoder017512mb-229_ex_0.jpg,"book-jacket,-dust-cover,-dust-jacket,-dust-wrapper"
../img/peter-parley/amousmenofmoder017512mb-230_ex_0.jpg,buckle
../img/peter-parley/amousmenofmoder017512mb-245_ex_0.jpg,"cliff,-drop,-drop-off"
../img/peter-parley/amousmenofmoder017512mb-246_ex_0.jpg,"chimpanzee,-chimp,-Pan-troglodytes"
../img/peter-parley/amousmenofmoder017512mb-274_ex_0.jpg,buckle
../img/peter-parley/amousmenofmoder017512mb-275_ex_0.jpg,"shield,-buckler"
../img/peter-parley/arleyspoeticalp00parliala_bw-01_ex_0.jpg,"rocking-chair,-rocker"
../img/peter-parley/arleyspoeticalp00parliala_bw-02_ex_0.jpg,"brass,-memorial-tablet,-plaque"
../img/peter-parley/arleyspoeticalp00parliala_bw-04_ex_0.jpg,"book-jacket,-dust-cover,-dust-jacket,-dust-wrapper"
../img/peter-parley/arleyspoeticalp00parliala_bw-05_ex_0.jpg,"book-jacket,-dust-cover,-dust-jacket,-dust-wrapper"
../img/peter-parley/arleyspoeticalp00parliala_bw-09_ex_0.jpg,"book-jacket,-dust-cover,-dust-jacket,-dust-wrapper"
../img/peter-parley/arleyspoeticalp00parliala_bw-11_ex_0.jpg,jigsaw-puzzle
../img/peter-parley/arleyspoeticalp00parliala_bw-14_ex_0.jpg,"shield,-buckler"
../img/peter-parley/arleyspoeticalp00parliala_bw-17_ex_0.jpg,"book-jacket,-dust-cover,-dust-jacket,-dust-wrapper"
../img/peter-parley/arleyspoeticalp00parliala_bw-19_ex_0.jpg,"fire-screen,-fireguard"
../img/peter-parley/arleyspoeticalp00parliala_bw-22_ex_0.jpg,vault
../img/peter-parley/arleyspoeticalp00parliala_bw-25_ex_0.jpg,"book-jacket,-dust-cover,-dust-jacket,-dust-wrapper"
../img/peter-parley/arleyspoeticalp00parliala_bw-26_ex_0.jpg,"bell-cote,-bell-cot"
../img/peter-parley/arleyspoeticalp00parliala_bw-27_ex_0.jpg,fountain
../img/peter-parley/arleyspoeticalp00parliala_bw-28_ex_0.jpg,"brass,-memorial-tablet,-plaque"
../img/peter-parley/arleyspresentf00parlgoog-001_ex_0.jpg,"hook,-claw"
../img/peter-parley/arleyspresentf00parlgoog-002_ex_0.jpg,manhole-cover
../img/peter-parley/arleyspresentf00parlgoog-003_ex_0.jpg,"scale,-weighing-machine"
../img/peter-parley/arleyspresentf00parlgoog-006_ex_0.jpg,"puck,-hockey-puck"
../img/peter-parley/arleyspresentf00parlgoog-007_ex_0.jpg,"Scotch-terrier,-Scottish-terrier,-Scottie"
../img/peter-parley/arleyspresentf00parlgoog-008_ex_0.jpg,"book-jacket,-dust-cover,-dust-jacket,-dust-wrapper"
../img/peter-parley/arleyspresentf00parlgoog-012_ex_0.jpg,"bolo-tie,-bolo,-bola-tie,-bola"
../img/peter-parley/arleyspresentf00parlgoog-017_ex_0.jpg,comic-book
../img/peter-parley/arleyspresentf00parlgoog-029_ex_0.jpg,water-jug
../img/peter-parley/arleyspresentf00parlgoog-030_ex_0.jpg,"book-jacket,-dust-cover,-dust-jacket,-dust-wrapper"
../img/peter-parley/arleyspresentf00parlgoog-038_ex_0.jpg,"book-jacket,-dust-cover,-dust-jacket,-dust-wrapper"
../img/peter-parley/arleyspresentf00parlgoog-040_ex_0.jpg,"picket-fence,-paling"
../img/peter-parley/arleyspresentf00parlgoog-041_ex_0.jpg,"gong,-tam-tam"
../img/peter-parley/arleyspresentf00parlgoog-043_ex_0.jpg,yawl
../img/peter-parley/arleyspresentf00parlgoog-044_ex_0.jpg,"hoopskirt,-crinoline"
../img/peter-parley/arleyspresentf00parlgoog-049_ex_0.jpg,potter's-wheel
../img/peter-parley/arleyspresentf00parlgoog-050_ex_0.jpg,cup
../img/peter-parley/arleyspresentf00parlgoog-051_ex_0.jpg,whiskey-jug
../img/peter-parley/arleyspresentf00parlgoog-052_ex_0.jpg,sundial
../img/peter-parley/arleyspresentf00parlgoog-055_ex_0.jpg,comic-book
../img/peter-parley/arleyspresentf00parlgoog-056_ex_0.jpg,"book-jacket,-dust-cover,-dust-jacket,-dust-wrapper"
../img/peter-parley/arleyspresentf00parlgoog-058_ex_0.jpg,"drilling-platform,-offshore-rig"
../img/peter-parley/arleyspresentf00parlgoog-062_ex_0.jpg,comic-book
../img/peter-parley/arleyspresentf00parlgoog-064_ex_0.jpg,"coyote,-prairie-wolf,-brush-wolf,-Canis-latrans"
../img/peter-parley/arleyspresentf00parlgoog-065_ex_0.jpg,"pick,-plectrum,-plectron"
../img/peter-parley/arleyspresentf00parlgoog-066_ex_0.jpg,comic-book
../img/peter-parley/arleyspresentf00parlgoog-067_ex_0.jpg,ping-pong-ball
../img/peter-parley/arleyspresentf00parlgoog-070_ex_0.jpg,"ibex,-Capra-ibex"
../img/peter-parley/arleyspresentf00parlgoog-071_ex_0.jpg,buckle
../img/peter-parley/arleyspresentf00parlgoog-075_ex_0.jpg,pickelhaube
../img/peter-parley/arleyspresentf00parlgoog-076_ex_0.jpg,comic-book
../img/peter-parley/arleyspresentf00parlgoog-079_ex_0.jpg,"book-jacket,-dust-cover,-dust-jacket,-dust-wrapper"
../img/peter-parley/arleyspresentf00parlgoog-080_ex_0.jpg,"shield,-buckler"
../img/peter-parley/arleyspresentf00parlgoog-085_ex_0.jpg,"book-jacket,-dust-cover,-dust-jacket,-dust-wrapper"
../img/peter-parley/arleyspresentf00parlgoog-086_ex_0.jpg,whistle
../img/peter-parley/arleyspresentf00parlgoog-087_ex_0.jpg,triceratops
../img/peter-parley/arleyspresentf00parlgoog-090_ex_0.jpg,"shield,-buckler"
../img/peter-parley/arleyspresentf00parlgoog-091_ex_0.jpg,"puck,-hockey-puck"
../img/peter-parley/arleyspresentf00parlgoog-095_ex_0.jpg,"fire-screen,-fireguard"
../img/peter-parley/arleyspresentf00parlgoog-097_ex_0.jpg,"church,-church-building"
../img/peter-parley/arleyspresentf00parlgoog-101_ex_0.jpg,throne
../img/peter-parley/arleyspresentf00parlgoog-103_ex_0.jpg,"lumbermill,-sawmill"
../img/peter-parley/arleyspresentf00parlgoog-109_ex_0.jpg,vault
../img/peter-parley/arleyspresentf00parlgoog-110_ex_0.jpg,whiskey-jug
../img/peter-parley/arleyspresentf00parlgoog-111_ex_0.jpg,envelope
../img/peter-parley/arleyspresentf00parlgoog-112_ex_0.jpg,tripod
../img/peter-parley/arleyspresentf00parlgoog-113_ex_0.jpg,"jinrikisha,-ricksha,-rickshaw"
../img/peter-parley/arleyspresentf00parlgoog-114_ex_0.jpg,suspension-bridge
../img/peter-parley/arleyspresentf00parlgoog-116_ex_0.jpg,bow
../img/peter-parley/arleyspresentf00parlgoog-117_ex_0.jpg,suspension-bridge
../img/peter-parley/arleyspresentf00parlgoog-119_ex_0.jpg,vault
../img/peter-parley/arleyspresentf00parlgoog-120_ex_0.jpg,swing
../img/peter-parley/arleyspresentf00parlgoog-122_ex_0.jpg,vault
../img/peter-parley/arleyspresentf00parlgoog-124_ex_0.jpg,"cliff,-drop,-drop-off"
../img/peter-parley/arleyspresentf00parlgoog-125_ex_0.jpg,buckle
../img/peter-parley/arleyspresentf00parlgoog-132_ex_0.jpg,envelope
../img/peter-parley/arleyspresentf00parlgoog-133_ex_0.jpg,"French-horn,-horn"
../img/peter-parley/arleyspresentf00parlgoog-134_ex_0.jpg,"washer,-automatic-washer,-washing-machine"
../img/peter-parley/arleyspresentf00parlgoog-142_ex_0.jpg,"cliff,-drop,-drop-off"
../img/peter-parley/arleyspresentf00parlgoog-143_ex_0.jpg,"pick,-plectrum,-plectron"
../img/peter-parley/arleyspresentf00parlgoog-144_ex_0.jpg,"thatch,-thatched-roof"
../img/peter-parley/arleyspresentf00parlgoog-145_ex_0.jpg,comic-book
../img/peter-parley/arleyspresentf00parlgoog-146_ex_0.jpg,monastery
../img/peter-parley/arleyspresentf00parlgoog-148_ex_0.jpg,palace
../img/peter-parley/arleyspresentf00parlgoog-150_ex_0.jpg,"mobile-home,-manufactured-home"
../img/peter-parley/arleyspresentf00parlgoog-156_ex_0.jpg,"book-jacket,-dust-cover,-dust-jacket,-dust-wrapper"
../img/peter-parley/arleyspresentf00parlgoog-162_ex_0.jpg,"book-jacket,-dust-cover,-dust-jacket,-dust-wrapper"
../img/peter-parley/arleyspresentf00parlgoog-163_ex_0.jpg,"puck,-hockey-puck"
../img/peter-parley/arleyspresentf00parlgoog-167_ex_0.jpg,"book-jacket,-dust-cover,-dust-jacket,-dust-wrapper"
../img/peter-parley/arleyspresentf00parlgoog-168_ex_0.jpg,"lakeside,-lakeshore"
../img/peter-parley/arleyspresentf00parlgoog-169_ex_0.jpg,triumphal-arch
../img/peter-parley/arleyspresentf00parlgoog-170_ex_0.jpg,palace
../img/peter-parley/arleyspresentf00parlgoog-177_ex_0.jpg,"pick,-plectrum,-plectron"
../img/peter-parley/arleyspresentf00parlgoog-178_ex_0.jpg,"puck,-hockey-puck"
../img/peter-parley/arleyspresentf00parlgoog-179_ex_0.jpg,"chimpanzee,-chimp,-Pan-troglodytes"
../img/peter-parley/arleyspresentf00parlgoog-180_ex_0.jpg,"fire-screen,-fireguard"
../img/peter-parley/arleyspresentf00parlgoog-182_ex_0.jpg,menu
../img/peter-parley/arleyspresentf00parlgoog-194_ex_0.jpg,comic-book
../img/peter-parley/arleyspresentf00parlgoog-199_ex_0.jpg,comic-book
../img/peter-parley/arleyspresentf00parlgoog-200_ex_0.jpg,"fire-screen,-fireguard"
../img/peter-parley/arleyspresentf00parlgoog-202_ex_0.jpg,"plow,-plough"
../img/peter-parley/arleyspresentf00parlgoog-206_ex_0.jpg,"thresher,-thrasher,-threshing-machine"
../img/peter-parley/arleyspresentf00parlgoog-207_ex_0.jpg,buckle
../img/peter-parley/arleyspresentf00parlgoog-208_ex_0.jpg,"gong,-tam-tam"
../img/peter-parley/arleyspresentf00parlgoog-211_ex_0.jpg,"fire-screen,-fireguard"
../img/peter-parley/arleyspresentf00parlgoog-212_ex_0.jpg,"puck,-hockey-puck"
../img/peter-parley/arleyspresentf00parlgoog-213_ex_0.jpg,menu
../img/peter-parley/arleyspresentf00parlgoog-215_ex_0.jpg,castle
../img/peter-parley/arleyspresentf00parlgoog-220_ex_0.jpg,comic-book
../img/peter-parley/arleyspresentf00parlgoog-221_ex_0.jpg,"fire-screen,-fireguard"
../img/peter-parley/arleyspresentf00parlgoog-231_ex_0.jpg,buckle
../img/peter-parley/arleyspresentf00parlgoog-233_ex_0.jpg,jigsaw-puzzle
../img/peter-parley/arleyspresentf00parlgoog-240_ex_0.jpg,cup
../img/peter-parley/arleyspresentf00parlgoog-241_ex_0.jpg,monastery
../img/peter-parley/arleyspresentf00parlgoog-243_ex_0.jpg,"church,-church-building"
../img/peter-parley/arleyspresentf00parlgoog-244_ex_0.jpg,"fire-screen,-fireguard"
../img/peter-parley/arleyspresentf00parlgoog-246_ex_0.jpg,wall-clock
../img/peter-parley/arleyspresentf00parlgoog-247_ex_0.jpg,"hook,-claw"
../img/peter-parley/arleyspresentf00parlgoog-248_ex_0.jpg,"shield,-buckler"
../img/peter-parley/arleyspresentf00parlgoog-249_ex_0.jpg,"pick,-plectrum,-plectron"
../img/peter-parley/arleyspresentf00parlgoog-255_ex_0.jpg,menu
../img/peter-parley/arleyspresentf00parlgoog-258_ex_0.jpg,steel-arch-bridge
../img/peter-parley/arleyspresentf00parlgoog-259_ex_0.jpg,whiskey-jug
../img/peter-parley/arleyspresentf00parlgoog-265_ex_0.jpg,"fire-screen,-fireguard"
../img/peter-parley/arleyspresentf00parlgoog-267_ex_0.jpg,castle
../img/peter-parley/arleyspresentf00parlgoog-270_ex_0.jpg,"church,-church-building"
../img/peter-parley/arleyspresentf00parlgoog-271_ex_0.jpg,hourglass
../img/peter-parley/arleyspresentf00parlgoog-273_ex_0.jpg,"fire-screen,-fireguard"
../img/peter-parley/arleyspresentf00parlgoog-276_ex_0.jpg,"doormat,-welcome-mat"
../img/peter-parley/arleyspresentf00parlgoog-277_ex_0.jpg,comic-book
../img/peter-parley/arleyspresentf00parlgoog-279_ex_0.jpg,"book-jacket,-dust-cover,-dust-jacket,-dust-wrapper"
../img/peter-parley/arleyspresentf00parlgoog-280_ex_0.jpg,cowboy-boot
../img/peter-parley/arleyspresentf00parlgoog-287_ex_0.jpg,"book-jacket,-dust-cover,-dust-jacket,-dust-wrapper"
../img/peter-parley/arleyspresentf00parlgoog-288_ex_0.jpg,"fire-screen,-fireguard"
../img/peter-parley/arleyspresentf00parlgoog-293_ex_0.jpg,buckle
../img/peter-parley/arleyspresentf00parlgoog-299_ex_0.jpg,suspension-bridge
../img/peter-parley/arleyspresentf00parlgoog-300_ex_0.jpg,"puck,-hockey-puck"
../img/peter-parley/arleyspresentf00parlgoog-305_ex_0.jpg,sunglass
../img/peter-parley/arleyspresentf00parlgoog-306_ex_0.jpg,velvet
../img/peter-parley/arleyspresentf00parlgoog-308_ex_0.jpg,schooner
../img/peter-parley/arleyspresentf00parlgoog-313_ex_0.jpg,"fire-screen,-fireguard"
../img/peter-parley/arleyspresentf00parlgoog-314_ex_0.jpg,"gong,-tam-tam"
../img/peter-parley/arleyspresentf00parlgoog-316_ex_0.jpg,cowboy-boot
../img/peter-parley/arleyspresentf00parlgoog-320_ex_0.jpg,comic-book
../img/peter-parley/arleyspresentf00parlgoog-321_ex_0.jpg,whiskey-jug
../img/peter-parley/arleyspresentf00parlgoog-324_ex_0.jpg,"spotlight,-spot"
../img/peter-parley/arleyspresentf00parlgoog-325_ex_0.jpg,manhole-cover
../img/peter-parley/arleystalesabo00parlgoog-001_ex_0.jpg,"hook,-claw"
../img/peter-parley/arleystalesabo00parlgoog-002_ex_0.jpg,"binder,-ring-binder"
../img/peter-parley/arleystalesabo00parlgoog-003_ex_0.jpg,shovel
../img/peter-parley/arleystalesabo00parlgoog-007_ex_0.jpg,"assault-rifle,-assault-gun"
../img/peter-parley/arleystalesabo00parlgoog-009_ex_0.jpg,"book-jacket,-dust-cover,-dust-jacket,-dust-wrapper"
../img/peter-parley/arleystalesabo00parlgoog-010_ex_0.jpg,tusker
../img/peter-parley/arleystalesabo00parlgoog-012_ex_0.jpg,"flagpole,-flagstaff"
../img/peter-parley/arleystalesabo00parlgoog-019_ex_0.jpg,"fire-screen,-fireguard"
../img/peter-parley/arleystalesabo00parlgoog-020_ex_0.jpg,"crossword-puzzle,-crossword"
../img/peter-parley/arleystalesabo00parlgoog-021_ex_0.jpg,chainlink-fence
../img/peter-parley/arleystalesabo00parlgoog-059_ex_0.jpg,"cliff,-drop,-drop-off"
../img/peter-parley/arleystalesabo00parlgoog-071_ex_0.jpg,"cliff,-drop,-drop-off"
../img/peter-parley/arleystalesabo00parlgoog-072_ex_0.jpg,"American-black-bear,-black-bear,-Ursus-americanus,-Euarctos-americanus"
../img/peter-parley/arleystalesabo00parlgoog-080_ex_0.jpg,"cliff,-drop,-drop-off"
../img/peter-parley/arleystalesabo00parlgoog-112_ex_0.jpg,"Bouvier-des-Flandres,-Bouviers-des-Flandres"
../img/peter-parley/arleystalesabo00parlgoog-120_ex_0.jpg,mountain-tent
../img/peter-parley/arleystalesabo00parlgoog-124_ex_0.jpg,"promontory,-headland,-head,-foreland"
../img/peter-parley/arleystalesabo00parlgoog-137_ex_0.jpg,gondola
../img/peter-parley/arleystalesabo00parlgoog-145_ex_0.jpg,"binder,-ring-binder"
../img/peter-parley/arleystalesabo00parlgoog-154_ex_0.jpg,"lakeside,-lakeshore"
../img/peter-parley/arleystalesabo00parlgoog-158_ex_0.jpg,yawl
../img/peter-parley/arleystalesabo00parlgoog-161_ex_0.jpg,"nematode,-nematode-worm,-roundworm"
../img/peter-parley/arleystalesabo00parlgoog-164_ex_0.jpg,"prison,-prison-house"
../img/peter-parley/arleystalesabo00parlgoog-170_ex_0.jpg,fountain
../img/peter-parley/arleystalesabo00parlgoog-173_ex_0.jpg,"promontory,-headland,-head,-foreland"
../img/peter-parley/arleystalesabo00parlgoog-176_ex_0.jpg,"cliff,-drop,-drop-off"
../img/peter-parley/arleystalesabo00parlgoog-183_ex_0.jpg,"nematode,-nematode-worm,-roundworm"
../img/peter-parley/arleystalesabo00parlgoog-185_ex_0.jpg,"cliff,-drop,-drop-off"
../img/peter-parley/arleystalesabo00parlgoog-196_ex_0.jpg,volcano
../img/peter-parley/arleystalesabo00parlgoog-200_ex_0.jpg,ox
../img/peter-parley/arleystalesabo00parlgoog-201_ex_0.jpg,"American-black-bear,-black-bear,-Ursus-americanus,-Euarctos-americanus"
../img/peter-parley/arleystalesabo00parlgoog-202_ex_0.jpg,"grey-fox,-gray-fox,-Urocyon-cinereoargenteus"
../img/peter-parley/arleystalesabo00parlgoog-204_ex_0.jpg,"Scottish-deerhound,-deerhound"
../img/peter-parley/arleystalesabo00parlgoog-209_ex_0.jpg,"ibex,-Capra-ibex"
../img/peter-parley/arleystalesabo00parlgoog-210_ex_0.jpg,"ibex,-Capra-ibex"
../img/peter-parley/arleystalesabo00parlgoog-212_ex_0.jpg,beaver
../img/peter-parley/arleystalesabo00parlgoog-217_ex_0.jpg,"ibex,-Capra-ibex"
../img/peter-parley/arleystalesabo00parlgoog-218_ex_0.jpg,"lynx,-catamount"
../img/peter-parley/arleystalesabo00parlgoog-219_ex_0.jpg,"cougar,-puma,-catamount,-mountain-lion,-painter,-panther,-Felis-concolor"
../img/peter-parley/arleystalesabo00parlgoog-220_ex_0.jpg,Egyptian-cat
../img/peter-parley/arleystalesabo00parlgoog-221_ex_0.jpg,"book-jacket,-dust-cover,-dust-jacket,-dust-wrapper"
../img/peter-parley/arleystalesabo00parlgoog-222_ex_0.jpg,beaver
../img/peter-parley/arleystalesabo00parlgoog-225_ex_0.jpg,kite
../img/peter-parley/arleystalesabo00parlgoog-227_ex_0.jpg,black-grouse
../img/peter-parley/arleystalesabo00parlgoog-230_ex_0.jpg,"black-stork,-Ciconia-nigra"
../img/peter-parley/arleystalesabo00parlgoog-232_ex_0.jpg,partridge
../img/peter-parley/arleystalesabo00parlgoog-234_ex_0.jpg,mink
../img/peter-parley/arleystalesabo00parlgoog-239_ex_0.jpg,"Afghan-hound,-Afghan"
../img/peter-parley/arleystalesabo00parlgoog-244_ex_0.jpg,"cliff,-drop,-drop-off"
../img/peter-parley/arleystalesabo00parlgoog-249_ex_0.jpg,birdhouse
../img/peter-parley/arleystalesabo00parlgoog-265_ex_0.jpg,palace
../img/peter-parley/arleystalesabo00parlgoog-268_ex_0.jpg,palace
../img/peter-parley/arleystalesabo00parlgoog-270_ex_0.jpg,"flagpole,-flagstaff"
../img/peter-parley/arleystalesabo00parlgoog-290_ex_0.jpg,"airship,-dirigible"
../img/peter-parley/arleystalesabo00parlgoog-292_ex_0.jpg,"lakeside,-lakeshore"
../img/peter-parley/arleystalesabo00parlgoog-293_ex_0.jpg,steam-locomotive
../img/peter-parley/arleystalesabo00parlgoog-295_ex_0.jpg,fountain
../img/peter-parley/arleystalesabo00parlgoog-300_ex_0.jpg,alp
../img/peter-parley/arleystalesabo00parlgoog-303_ex_0.jpg,"pot,-flowerpot"
../img/peter-parley/arleystalesabo00parlgoog-305_ex_0.jpg,fountain
../img/peter-parley/arleystalesabo00parlgoog-306_ex_0.jpg,"pirate,-pirate-ship"
../img/peter-parley/arleystalesabo00parlgoog-313_ex_0.jpg,"cliff,-drop,-drop-off"
../img/peter-parley/arleystalesabo00parlgoog-314_ex_0.jpg,"cliff,-drop,-drop-off"
../img/peter-parley/arleystalesabo00parlgoog-317_ex_0.jpg,"pirate,-pirate-ship"
../img/peter-parley/arleystalesabo00parlgoog-321_ex_0.jpg,"submarine,-pigboat,-sub,-U-boat"
../img/peter-parley/arleystalesabo00parlgoog-325_ex_0.jpg,"crossword-puzzle,-crossword"
../img/peter-parley/arleystalesabo00parlgoog-350_ex_0.jpg,pickelhaube
../img/peter-parley/arleystalesabo00parlgoog-353_ex_0.jpg,"shield,-buckler"
../img/peter-parley/arleystalesabo00parlgoog-363_ex_0.jpg,fountain
../img/peter-parley/arleystalesabo00parlgoog-367_ex_0.jpg,"book-jacket,-dust-cover,-dust-jacket,-dust-wrapper"
../img/peter-parley/arleystalesabo00parlgoog-372_ex_0.jpg,"book-jacket,-dust-cover,-dust-jacket,-dust-wrapper"
../img/peter-parley/arleystalesabo00parlgoog-400_ex_0.jpg,alp
../img/peter-parley/arleystalesabo00parlgoog-423_ex_0.jpg,"malamute,-malemute,-Alaskan-malamute"
../img/peter-parley/balloontravelsr00parlgoog-001_ex_0.jpg,"hook,-claw"
../img/peter-parley/balloontravelsr00parlgoog-002_ex_0.jpg,"binder,-ring-binder"
../img/peter-parley/balloontravelsr00parlgoog-003_ex_0.jpg,shopping-basket
../img/peter-parley/balloontravelsr00parlgoog-004_ex_0.jpg,"binder,-ring-binder"
../img/peter-parley/balloontravelsr00parlgoog-008_ex_0.jpg,"rule,-ruler"
../img/peter-parley/balloontravelsr00parlgoog-009_ex_0.jpg,stretcher
../img/peter-parley/balloontravelsr00parlgoog-010_ex_0.jpg,"screen,-CRT-screen"
../img/peter-parley/balloontravelsr00parlgoog-011_ex_0.jpg,stretcher
../img/peter-parley/balloontravelsr00parlgoog-014_ex_0.jpg,"book-jacket,-dust-cover,-dust-jacket,-dust-wrapper"
../img/peter-parley/balloontravelsr00parlgoog-017_ex_0.jpg,"pick,-plectrum,-plectron"
../img/peter-parley/balloontravelsr00parlgoog-035_ex_0.jpg,bison
../img/peter-parley/balloontravelsr00parlgoog-036_ex_0.jpg,"breastplate,-aegis,-egis"
../img/peter-parley/balloontravelsr00parlgoog-044_ex_0.jpg,"spotlight,-spot"
../img/peter-parley/balloontravelsr00parlgoog-051_ex_0.jpg,"cliff,-drop,-drop-off"
../img/peter-parley/balloontravelsr00parlgoog-058_ex_0.jpg,wreck
../img/peter-parley/balloontravelsr00parlgoog-072_ex_0.jpg,"binder,-ring-binder"
../img/peter-parley/balloontravelsr00parlgoog-073_ex_0.jpg,"aircraft-carrier,-carrier,-flattop,-attack-aircraft-carrier"
../img/peter-parley/balloontravelsr00parlgoog-074_ex_0.jpg,"rule,-ruler"
../img/peter-parley/balloontravelsr00parlgoog-088_ex_0.jpg,vault
../img/peter-parley/balloontravelsr00parlgoog-091_ex_0.jpg,fountain
../img/peter-parley/balloontravelsr00parlgoog-092_ex_0.jpg,"grand-piano,-grand"
../img/peter-parley/balloontravelsr00parlgoog-104_ex_0.jpg,castle
../img/peter-parley/balloontravelsr00parlgoog-112_ex_0.jpg,castle
../img/peter-parley/balloontravelsr00parlgoog-123_ex_0.jpg,"aircraft-carrier,-carrier,-flattop,-attack-aircraft-carrier"
../img/peter-parley/balloontravelsr00parlgoog-140_ex_0.jpg,fountain
../img/peter-parley/balloontravelsr00parlgoog-154_ex_0.jpg,wreck
../img/peter-parley/balloontravelsr00parlgoog-161_ex_0.jpg,gondola
../img/peter-parley/balloontravelsr00parlgoog-169_ex_0.jpg,"book-jacket,-dust-cover,-dust-jacket,-dust-wrapper"
../img/peter-parley/balloontravelsr00parlgoog-180_ex_0.jpg,"fire-screen,-fireguard"
../img/peter-parley/balloontravelsr00parlgoog-189_ex_0.jpg,"fire-screen,-fireguard"
../img/peter-parley/balloontravelsr00parlgoog-197_ex_0.jpg,"bearskin,-busby,-shako"
../img/peter-parley/balloontravelsr00parlgoog-213_ex_0.jpg,"book-jacket,-dust-cover,-dust-jacket,-dust-wrapper"
../img/peter-parley/balloontravelsr00parlgoog-223_ex_0.jpg,"airship,-dirigible"
../img/peter-parley/balloontravelsr00parlgoog-240_ex_0.jpg,"shield,-buckler"
../img/peter-parley/balloontravelsr00parlgoog-248_ex_0.jpg,castle
../img/peter-parley/balloontravelsr00parlgoog-265_ex_0.jpg,triumphal-arch
../img/peter-parley/balloontravelsr00parlgoog-272_ex_0.jpg,"picket-fence,-paling"
../img/peter-parley/balloontravelsr00parlgoog-278_ex_0.jpg,palace
../img/peter-parley/balloontravelsr00parlgoog-288_ex_0.jpg,pickelhaube
../img/peter-parley/balloontravelsr00parlgoog-306_ex_0.jpg,cradle
../img/peter-parley/balloontravelsr00parlgoog-318_ex_0.jpg,coffeepot
../img/peter-parley/balloontravelsr00parlgoog-326_ex_0.jpg,"web-site,-website,-internet-site,-site"
../img/peter-parley/balloontravelsr00parlgoog-357_ex_0.jpg,Irish-wolfhound
../img/peter-parley/balloontravelsr00parlgoog-360_ex_0.jpg,"binder,-ring-binder"
../img/peter-parley/balloontravelsr00parlgoog-362_ex_0.jpg,"screen,-CRT-screen"
../img/peter-parley/balloontravelsr00parlgoog-364_ex_0.jpg,"fire-screen,-fireguard"
../img/peter-parley/balloontravelsr00parlgoog-376_ex_0.jpg,comic-book
../img/peter-parley/balloontravelsr00parlgoog-389_ex_0.jpg,"cliff,-drop,-drop-off"
../img/peter-parley/balloontravelsr00parlgoog-391_ex_0.jpg,"cliff,-drop,-drop-off"
../img/peter-parley/balloontravelsr00parlgoog-404_ex_0.jpg,"breastplate,-aegis,-egis"
../img/peter-parley/balloontravelsr00parlgoog-408_ex_0.jpg,"mailbag,-postbag"
../img/peter-parley/balloontravelsr00parlgoog-409_ex_0.jpg,"binder,-ring-binder"
../img/peter-parley/birthdaygift00parliala_bw-006_ex_0.jpg,"carousel,-carrousel,-merry-go-round,-roundabout,-whirligig"
../img/peter-parley/birthdaygift00parliala_bw-007_ex_0.jpg,"book-jacket,-dust-cover,-dust-jacket,-dust-wrapper"
../img/peter-parley/birthdaygift00parliala_bw-015_ex_0.jpg,"airship,-dirigible"
../img/peter-parley/birthdaygift00parliala_bw-019_ex_0.jpg,"airship,-dirigible"
../img/peter-parley/birthdaygift00parliala_bw-022_ex_0.jpg,harp
../img/peter-parley/birthdaygift00parliala_bw-027_ex_0.jpg,"fire-screen,-fireguard"
../img/peter-parley/birthdaygift00parliala_bw-033_ex_0.jpg,"thresher,-thrasher,-threshing-machine"
../img/peter-parley/birthdaygift00parliala_bw-040_ex_0.jpg,"hen-of-the-woods,-hen-of-the-woods,-Polyporus-frondosus,-Grifola-frondosa"
../img/peter-parley/birthdaygift00parliala_bw-044_ex_0.jpg,wreck
../img/peter-parley/birthdaygift00parliala_bw-046_ex_0.jpg,"marimba,-xylophone"
../img/peter-parley/birthdaygift00parliala_bw-050_ex_0.jpg,oxcart
../img/peter-parley/birthdaygift00parliala_bw-052_ex_0.jpg,"jinrikisha,-ricksha,-rickshaw"
../img/peter-parley/birthdaygift00parliala_bw-053_ex_0.jpg,"thresher,-thrasher,-threshing-machine"
../img/peter-parley/birthdaygift00parliala_bw-054_ex_0.jpg,buckle
../img/peter-parley/birthdaygift00parliala_bw-055_ex_0.jpg,castle
../img/peter-parley/birthdaygift00parliala_bw-058_ex_0.jpg,"aircraft-carrier,-carrier,-flattop,-attack-aircraft-carrier"
../img/peter-parley/birthdaygift00parliala_bw-064_ex_0.jpg,"pot,-flowerpot"
../img/peter-parley/birthdaygift00parliala_bw-067_ex_0.jpg,castle
../img/peter-parley/birthdaygift00parliala_bw-069_ex_0.jpg,fly
../img/peter-parley/birthdaygift00parliala_bw-070_ex_0.jpg,vase
../img/peter-parley/birthdaygift00parliala_bw-072_ex_0.jpg,honeycomb
../img/peter-parley/birthdaygift00parliala_bw-082_ex_0.jpg,"prayer-rug,-prayer-mat"
../img/peter-parley/birthdaygift00parliala_bw-083_ex_0.jpg,"church,-church-building"
../img/peter-parley/birthdaygift00parliala_bw-084_ex_0.jpg,palace
../img/peter-parley/birthdaygift00parliala_bw-085_ex_0.jpg,fountain
../img/peter-parley/birthdaygift00parliala_bw-089_ex_0.jpg,"church,-church-building"
../img/peter-parley/birthdaygift00parliala_bw-091_ex_0.jpg,tick
../img/peter-parley/birthdaygift00parliala_bw-095_ex_0.jpg,"pirate,-pirate-ship"
../img/peter-parley/birthdaygift00parliala_bw-098_ex_0.jpg,barn
../img/peter-parley/birthdaygift00parliala_bw-100_ex_0.jpg,castle
../img/peter-parley/birthdaygift00parliala_bw-105_ex_0.jpg,throne
../img/peter-parley/birthdaygift00parliala_bw-109_ex_0.jpg,"grey-fox,-gray-fox,-Urocyon-cinereoargenteus"
../img/peter-parley/birthdaygift00parliala_bw-111_ex_0.jpg,tray
../img/peter-parley/birthdaygift00parliala_bw-113_ex_0.jpg,centipede
../img/peter-parley/birthdaygift00parliala_bw-114_ex_0.jpg,"church,-church-building"
../img/peter-parley/birthdaygift00parliala_bw-115_ex_0.jpg,"prayer-rug,-prayer-mat"
../img/peter-parley/birthdaygift00parliala_bw-118_ex_0.jpg,vault
../img/peter-parley/birthdaygift00parliala_bw-120_ex_0.jpg,"pedestal,-plinth,-footstall"
../img/peter-parley/birthdaygift00parliala_bw-123_ex_0.jpg,"horse-cart,-horse-cart"
../img/peter-parley/birthdaygift00parliala_bw-124_ex_0.jpg,"church,-church-building"
../img/peter-parley/birthdaygift00parliala_bw-125_ex_0.jpg,"tiger,-Panthera-tigris"
../img/peter-parley/birthdaygift00parliala_bw-127_ex_0.jpg,"hoopskirt,-crinoline"
../img/peter-parley/birthdaygift00parliala_bw-129_ex_0.jpg,sunglass
../img/peter-parley/birthdaygift00parliala_bw-133_ex_0.jpg,monastery
../img/peter-parley/birthdaygift00parliala_bw-135_ex_0.jpg,Kerry-blue-terrier
../img/peter-parley/birthdaygift00parliala_bw-137_ex_0.jpg,alp
../img/peter-parley/birthdaygift00parliala_bw-140_ex_0.jpg,"shield,-buckler"
../img/peter-parley/birthdaygift00parliala_bw-142_ex_0.jpg,comic-book
../img/peter-parley/birthdaygift00parliala_bw-145_ex_0.jpg,castle
../img/peter-parley/birthdaygift00parliala_bw-147_ex_0.jpg,buckle
../img/peter-parley/birthdaygift00parliala_bw-148_ex_0.jpg,fountain
../img/peter-parley/birthdaygift00parliala_bw-153_ex_0.jpg,"platypus,-duckbill,-duckbilled-platypus,-duck-billed-platypus,-Ornithorhynchus-anatinus"
../img/peter-parley/birthdaygift00parliala_bw-154_ex_0.jpg,"book-jacket,-dust-cover,-dust-jacket,-dust-wrapper"
../img/peter-parley/birthdaygift00parliala_bw-155_ex_0.jpg,"book-jacket,-dust-cover,-dust-jacket,-dust-wrapper"
../img/peter-parley/birthdaygift00parliala_bw-158_ex_0.jpg,boathouse
../img/peter-parley/birthdaygift00parliala_bw-160_ex_0.jpg,"cliff,-drop,-drop-off"
../img/peter-parley/birthdaygift00parliala_bw-163_ex_0.jpg,"thatch,-thatched-roof"
../img/peter-parley/birthdaygift00parliala_bw-165_ex_0.jpg,wreck
../img/peter-parley/birthdaygift00parliala_bw-171_ex_0.jpg,"fire-screen,-fireguard"
../img/peter-parley/birthdaygift00parliala_bw-172_ex_0.jpg,"book-jacket,-dust-cover,-dust-jacket,-dust-wrapper"
../img/peter-parley/birthdaygift00parliala_bw-173_ex_0.jpg,mosque
../img/peter-parley/birthdaygift00parliala_bw-177_ex_0.jpg,"book-jacket,-dust-cover,-dust-jacket,-dust-wrapper"
../img/peter-parley/birthdaygift00parliala_bw-178_ex_0.jpg,"book-jacket,-dust-cover,-dust-jacket,-dust-wrapper"
../img/peter-parley/birthdaygift00parliala_bw-181_ex_0.jpg,"book-jacket,-dust-cover,-dust-jacket,-dust-wrapper"
../img/peter-parley/birthdaygift00parliala_bw-182_ex_0.jpg,"fire-screen,-fireguard"
../img/peter-parley/birthdaygift00parliala_bw-185_ex_0.jpg,tray
../img/peter-parley/birthdaygift00parliala_bw-188_ex_0.jpg,"pot,-flowerpot"
../img/peter-parley/birthdaygift00parliala_bw-190_ex_0.jpg,boathouse
../img/peter-parley/birthdaygift00parliala_bw-192_ex_0.jpg,fountain
../img/peter-parley/birthdaygift00parliala_bw-197_ex_0.jpg,wreck
../img/peter-parley/birthdaygift00parliala_bw-202_ex_0.jpg,"airship,-dirigible"
../img/peter-parley/birthdaygift00parliala_bw-203_ex_0.jpg,"fire-screen,-fireguard"
../img/peter-parley/birthdaygift00parliala_bw-204_ex_0.jpg,half-track
../img/peter-parley/birthdaygift00parliala_bw-207_ex_0.jpg,comic-book
../img/peter-parley/birthdaygift00parliala_bw-211_ex_0.jpg,viaduct
../img/peter-parley/birthdaygift00parliala_bw-220_ex_0.jpg,"lakeside,-lakeshore"
../img/peter-parley/birthdaygift00parliala_bw-222_ex_0.jpg,castle
../img/peter-parley/birthdaygift00parliala_bw-227_ex_0.jpg,"book-jacket,-dust-cover,-dust-jacket,-dust-wrapper"
../img/peter-parley/birthdaygift00parliala_bw-228_ex_0.jpg,umbrella
../img/peter-parley/birthdaygift00parliala_bw-230_ex_0.jpg,"book-jacket,-dust-cover,-dust-jacket,-dust-wrapper"
../img/peter-parley/birthdaygift00parliala_bw-232_ex_0.jpg,"pirate,-pirate-ship"
../img/peter-parley/birthdaygift00parliala_bw-234_ex_0.jpg,rifle
../img/peter-parley/birthdaygift00parliala_bw-236_ex_0.jpg,castle
../img/peter-parley/birthdaygift00parliala_bw-240_ex_0.jpg,"breastplate,-aegis,-egis"
../img/peter-parley/birthdaygift00parliala_bw-251_ex_0.jpg,"book-jacket,-dust-cover,-dust-jacket,-dust-wrapper"
../img/peter-parley/birthdaygift00parliala_bw-254_ex_0.jpg,yawl
../img/peter-parley/birthdaygift00parliala_bw-255_ex_0.jpg,"prayer-rug,-prayer-mat"
../img/peter-parley/birthdaygift00parliala_bw-257_ex_0.jpg,guillotine
../img/peter-parley/birthdaygift00parliala_bw-259_ex_0.jpg,"ballplayer,-baseball-player"
../img/peter-parley/birthdaygift00parliala_bw-261_ex_0.jpg,cloak
../img/peter-parley/birthdaygift00parliala_bw-264_ex_0.jpg,barn
../img/peter-parley/eterparleysboo00cobbgoog-001_ex_0.jpg,"hook,-claw"
../img/peter-parley/eterparleysboo00cobbgoog-002_ex_0.jpg,"book-jacket,-dust-cover,-dust-jacket,-dust-wrapper"
../img/peter-parley/eterparleysboo00cobbgoog-009_ex_0.jpg,"binder,-ring-binder"
../img/peter-parley/eterparleysboo00cobbgoog-010_ex_0.jpg,"book-jacket,-dust-cover,-dust-jacket,-dust-wrapper"
../img/peter-parley/eterparleysboo00cobbgoog-020_ex_0.jpg,"book-jacket,-dust-cover,-dust-jacket,-dust-wrapper"
../img/peter-parley/eterparleysboo00cobbgoog-023_ex_0.jpg,"fire-screen,-fireguard"
../img/peter-parley/eterparleysboo00cobbgoog-025_ex_0.jpg,"book-jacket,-dust-cover,-dust-jacket,-dust-wrapper"
../img/peter-parley/eterparleysboo00cobbgoog-027_ex_0.jpg,"fire-screen,-fireguard"
../img/peter-parley/eterparleysboo00cobbgoog-029_ex_0.jpg,"book-jacket,-dust-cover,-dust-jacket,-dust-wrapper"
../img/peter-parley/eterparleysboo00cobbgoog-031_ex_0.jpg,"fire-screen,-fireguard"
../img/peter-parley/eterparleysboo00cobbgoog-033_ex_0.jpg,"book-jacket,-dust-cover,-dust-jacket,-dust-wrapper"
../img/peter-parley/eterparleysboo00cobbgoog-035_ex_0.jpg,"book-jacket,-dust-cover,-dust-jacket,-dust-wrapper"
../img/peter-parley/eterparleysboo00cobbgoog-037_ex_0.jpg,"book-jacket,-dust-cover,-dust-jacket,-dust-wrapper"
../img/peter-parley/eterparleysboo00cobbgoog-042_ex_0.jpg,"book-jacket,-dust-cover,-dust-jacket,-dust-wrapper"
../img/peter-parley/eterparleysboo00cobbgoog-044_ex_0.jpg,"Scottish-deerhound,-deerhound"
../img/peter-parley/eterparleysboo00cobbgoog-046_ex_0.jpg,altar
../img/peter-parley/eterparleysboo00cobbgoog-048_ex_0.jpg,"book-jacket,-dust-cover,-dust-jacket,-dust-wrapper"
../img/peter-parley/eterparleysboo00cobbgoog-050_ex_0.jpg,"book-jacket,-dust-cover,-dust-jacket,-dust-wrapper"
../img/peter-parley/eterparleysboo00cobbgoog-053_ex_0.jpg,"fire-screen,-fireguard"
../img/peter-parley/eterparleysboo00cobbgoog-056_ex_0.jpg,"book-jacket,-dust-cover,-dust-jacket,-dust-wrapper"
../img/peter-parley/eterparleysboo00cobbgoog-058_ex_0.jpg,"book-jacket,-dust-cover,-dust-jacket,-dust-wrapper"
../img/peter-parley/eterparleysboo00cobbgoog-062_ex_0.jpg,window-screen
../img/peter-parley/eterparleysboo00cobbgoog-069_ex_0.jpg,"book-jacket,-dust-cover,-dust-jacket,-dust-wrapper"
../img/peter-parley/eterparleysboo00cobbgoog-072_ex_0.jpg,"fire-screen,-fireguard"
../img/peter-parley/eterparleysboo00cobbgoog-074_ex_0.jpg,"fire-screen,-fireguard"
../img/peter-parley/eterparleysboo00cobbgoog-081_ex_0.jpg,padlock
../img/peter-parley/eterparleysboo00cobbgoog-083_ex_0.jpg,"book-jacket,-dust-cover,-dust-jacket,-dust-wrapper"
../img/peter-parley/eterparleysboo00cobbgoog-086_ex_0.jpg,"electric-fan,-blower"
../img/peter-parley/eterparleysboo00cobbgoog-087_ex_0.jpg,bassoon
../img/peter-parley/eterparleysboo00cobbgoog-089_ex_0.jpg,analog-clock
../img/peter-parley/eterparleysboo00cobbgoog-093_ex_0.jpg,"book-jacket,-dust-cover,-dust-jacket,-dust-wrapper"
../img/peter-parley/eterparleysboo00cobbgoog-096_ex_0.jpg,"book-jacket,-dust-cover,-dust-jacket,-dust-wrapper"
../img/peter-parley/eterparleysboo00cobbgoog-099_ex_0.jpg,"fire-screen,-fireguard"
../img/peter-parley/eterparleysboo00cobbgoog-103_ex_0.jpg,"fire-screen,-fireguard"
../img/peter-parley/eterparleysboo00cobbgoog-107_ex_0.jpg,"book-jacket,-dust-cover,-dust-jacket,-dust-wrapper"
../img/peter-parley/eterparleysboo00cobbgoog-110_ex_0.jpg,"book-jacket,-dust-cover,-dust-jacket,-dust-wrapper"
../img/peter-parley/eterparleysboo00cobbgoog-113_ex_0.jpg,"book-jacket,-dust-cover,-dust-jacket,-dust-wrapper"
../img/peter-parley/eterparleysboo00cobbgoog-116_ex_0.jpg,"book-jacket,-dust-cover,-dust-jacket,-dust-wrapper"
../img/peter-parley/eterparleysboo00cobbgoog-120_ex_0.jpg,"book-jacket,-dust-cover,-dust-jacket,-dust-wrapper"
../img/peter-parley/eterparleysboo00cobbgoog-141_ex_0.jpg,"binder,-ring-binder"
../img/peter-parley/eterparleysmet00parlgoog-001_ex_0.jpg,"hook,-claw"
../img/peter-parley/eterparleysmet00parlgoog-008_ex_0.jpg,monastery
../img/peter-parley/eterparleysmet00parlgoog-020_ex_0.jpg,manhole-cover
../img/peter-parley/eterparleysmet00parlgoog-022_ex_0.jpg,manhole-cover
../img/peter-parley/eterparleysmet00parlgoog-023_ex_0.jpg,yawl
../img/peter-parley/eterparleysmet00parlgoog-025_ex_0.jpg,"jersey,-T-shirt,-tee-shirt"
../img/peter-parley/eterparleysmet00parlgoog-027_ex_0.jpg,yawl
../img/peter-parley/eterparleysmet00parlgoog-030_ex_0.jpg,"maze,-labyrinth"
../img/peter-parley/eterparleysmet00parlgoog-035_ex_0.jpg,"lumbermill,-sawmill"
../img/peter-parley/eterparleysmet00parlgoog-037_ex_0.jpg,"book-jacket,-dust-cover,-dust-jacket,-dust-wrapper"
../img/peter-parley/eterparleysmet00parlgoog-041_ex_0.jpg,"prayer-rug,-prayer-mat"
../img/peter-parley/eterparleysmet00parlgoog-046_ex_0.jpg,"lakeside,-lakeshore"
../img/peter-parley/eterparleysmet00parlgoog-047_ex_0.jpg,hair-slide
../img/peter-parley/eterparleysmet00parlgoog-048_ex_0.jpg,"Arabian-camel,-dromedary,-Camelus-dromedarius"
../img/peter-parley/eterparleysmet00parlgoog-049_ex_0.jpg,"ibex,-Capra-ibex"
../img/peter-parley/eterparleysmet00parlgoog-050_ex_0.jpg,"paddlewheel,-paddle-wheel"
../img/peter-parley/eterparleysmet00parlgoog-054_ex_0.jpg,pickelhaube
../img/peter-parley/eterparleysmet00parlgoog-055_ex_0.jpg,"cliff,-drop,-drop-off"
../img/peter-parley/eterparleysmet00parlgoog-056_ex_0.jpg,volcano
../img/peter-parley/eterparleysmet00parlgoog-058_ex_0.jpg,"valley,-vale"
../img/peter-parley/eterparleysmet00parlgoog-062_ex_0.jpg,"book-jacket,-dust-cover,-dust-jacket,-dust-wrapper"
../img/peter-parley/eterparleysmet00parlgoog-066_ex_0.jpg,"airship,-dirigible"
../img/peter-parley/eterparleysmet00parlgoog-071_ex_0.jpg,"book-jacket,-dust-cover,-dust-jacket,-dust-wrapper"
../img/peter-parley/eterparleysmet00parlgoog-073_ex_0.jpg,castle
../img/peter-parley/eterparleysmet00parlgoog-074_ex_0.jpg,"cliff,-drop,-drop-off"
../img/peter-parley/eterparleysmet00parlgoog-075_ex_0.jpg,vault
../img/peter-parley/eterparleysmet00parlgoog-086_ex_0.jpg,"cliff,-drop,-drop-off"
../img/peter-parley/eterparleysmet00parlgoog-098_ex_0.jpg,"book-jacket,-dust-cover,-dust-jacket,-dust-wrapper"
../img/peter-parley/eterparleysmet00parlgoog-114_ex_0.jpg,"lumbermill,-sawmill"
../img/peter-parley/eterparleysmet00parlgoog-120_ex_0.jpg,"cliff,-drop,-drop-off"
../img/peter-parley/eterparleysmet00parlgoog-128_ex_0.jpg,thimble
../img/peter-parley/eterparleysmet00parlgoog-130_ex_0.jpg,"aircraft-carrier,-carrier,-flattop,-attack-aircraft-carrier"
../img/peter-parley/eterparleysmet00parlgoog-131_ex_0.jpg,"American-alligator,-Alligator-mississipiensis"
../img/peter-parley/eterparleysmet00parlgoog-138_ex_0.jpg,"binder,-ring-binder"
../img/peter-parley/eterparleysmet00parlgoog-140_ex_0.jpg,alp
../img/peter-parley/eterparleysmet00parlgoog-145_ex_0.jpg,"binder,-ring-binder"
../img/peter-parley/eterparleysmet00parlgoog-149_ex_0.jpg,"binder,-ring-binder"
../img/peter-parley/eterparleysmet00parlgoog-165_ex_0.jpg,shovel
../img/peter-parley/eterparleysmet00parlgoog-166_ex_0.jpg,"binder,-ring-binder"
../img/peter-parley/eterparleyspee00parlgoog-001_ex_0.jpg,"hook,-claw"
../img/peter-parley/eterparleyspee00parlgoog-002_ex_0.jpg,"prayer-rug,-prayer-mat"
../img/peter-parley/eterparleyspee00parlgoog-003_ex_0.jpg,folding-chair
../img/peter-parley/eterparleyspee00parlgoog-007_ex_0.jpg,"book-jacket,-dust-cover,-dust-jacket,-dust-wrapper"
../img/peter-parley/eterparleyspee00parlgoog-010_ex_0.jpg,altar
../img/peter-parley/eterparleyspee00parlgoog-012_ex_0.jpg,"church,-church-building"
../img/peter-parley/eterparleyspee00parlgoog-013_ex_0.jpg,"pick,-plectrum,-plectron"
../img/peter-parley/eterparleyspee00parlgoog-026_ex_0.jpg,"hoopskirt,-crinoline"
../img/peter-parley/eterparleyspee00parlgoog-034_ex_0.jpg,"book-jacket,-dust-cover,-dust-jacket,-dust-wrapper"
../img/peter-parley/eterparleyspee00parlgoog-036_ex_0.jpg,cuirass
../img/peter-parley/eterparleyspee00parlgoog-042_ex_0.jpg,palace
../img/peter-parley/eterparleyspee00parlgoog-046_ex_0.jpg,maypole
../img/peter-parley/eterparleyspee00parlgoog-048_ex_0.jpg,throne
../img/peter-parley/eterparleyspee00parlgoog-055_ex_0.jpg,throne
../img/peter-parley/eterparleyspee00parlgoog-058_ex_0.jpg,cuirass
../img/peter-parley/eterparleyspee00parlgoog-062_ex_0.jpg,"book-jacket,-dust-cover,-dust-jacket,-dust-wrapper"
../img/peter-parley/eterparleyspee00parlgoog-067_ex_0.jpg,pickelhaube
../img/peter-parley/eterparleyspee00parlgoog-071_ex_0.jpg,triumphal-arch
../img/peter-parley/eterparleyspee00parlgoog-078_ex_0.jpg,palace
../img/peter-parley/eterparleyspee00parlgoog-085_ex_0.jpg,comic-book
../img/peter-parley/eterparleyspee00parlgoog-094_ex_0.jpg,palace
../img/peter-parley/eterparleyspee00parlgoog-101_ex_0.jpg,"book-jacket,-dust-cover,-dust-jacket,-dust-wrapper"
../img/peter-parley/eterparleyspee00parlgoog-103_ex_0.jpg,gondola
../img/peter-parley/eterparleyspee00parlgoog-105_ex_0.jpg,comic-book
../img/peter-parley/eterparleyspee00parlgoog-106_ex_0.jpg,"book-jacket,-dust-cover,-dust-jacket,-dust-wrapper"
../img/peter-parley/eterparleyspee00parlgoog-110_ex_0.jpg,"book-jacket,-dust-cover,-dust-jacket,-dust-wrapper"
../img/peter-parley/eterparleyspee00parlgoog-112_ex_0.jpg,"book-jacket,-dust-cover,-dust-jacket,-dust-wrapper"
../img/peter-parley/eterparleyspee00parlgoog-120_ex_0.jpg,"lakeside,-lakeshore"
../img/peter-parley/eterparleyspee00parlgoog-123_ex_0.jpg,"hoopskirt,-crinoline"
../img/peter-parley/eterparleyspee00parlgoog-125_ex_0.jpg,stone-wall
../img/peter-parley/eterparleyspee00parlgoog-126_ex_0.jpg,palace
../img/peter-parley/eterparleyspee00parlgoog-131_ex_0.jpg,cradle
../img/peter-parley/eterparleyspee00parlgoog-135_ex_0.jpg,"prayer-rug,-prayer-mat"
../img/peter-parley/eterparleyspee00parlgoog-141_ex_0.jpg,"book-jacket,-dust-cover,-dust-jacket,-dust-wrapper"
../img/peter-parley/eterparleyspee00parlgoog-142_ex_0.jpg,"bell-cote,-bell-cot"
../img/peter-parley/eterparleyspee00parlgoog-146_ex_0.jpg,"book-jacket,-dust-cover,-dust-jacket,-dust-wrapper"
../img/peter-parley/eterparleyspee00parlgoog-149_ex_0.jpg,comic-book
../img/peter-parley/eterparleyspee00parlgoog-153_ex_0.jpg,"book-jacket,-dust-cover,-dust-jacket,-dust-wrapper"
../img/peter-parley/eterparleyspee00parlgoog-160_ex_0.jpg,"church,-church-building"
../img/peter-parley/eterparleyspee00parlgoog-165_ex_0.jpg,"Sealyham-terrier,-Sealyham"
../img/peter-parley/eterparleyspee00parlgoog-167_ex_0.jpg,"fire-screen,-fireguard"
../img/peter-parley/eterparleyspee00parlgoog-172_ex_0.jpg,"book-jacket,-dust-cover,-dust-jacket,-dust-wrapper"
../img/peter-parley/eterparleyspee00parlgoog-175_ex_0.jpg,oxcart
../img/peter-parley/eterparleyspee00parlgoog-177_ex_0.jpg,giant-schnauzer
../img/peter-parley/eterparleyspee00parlgoog-182_ex_0.jpg,boathouse
../img/peter-parley/eterparleyspee00parlgoog-184_ex_0.jpg,"bell-cote,-bell-cot"
../img/peter-parley/eterparleyspee00parlgoog-185_ex_0.jpg,pickelhaube
../img/peter-parley/eterparleyspee00parlgoog-190_ex_0.jpg,castle
../img/peter-parley/eterparleyspee00parlgoog-197_ex_0.jpg,swing
../img/peter-parley/eterparleyspee00parlgoog-202_ex_0.jpg,pickelhaube
../img/peter-parley/eterparleyspee00parlgoog-204_ex_0.jpg,"cliff,-drop,-drop-off"
../img/peter-parley/eterparleyspee00parlgoog-207_ex_0.jpg,boathouse
../img/peter-parley/eterparleyspee00parlgoog-215_ex_0.jpg,"book-jacket,-dust-cover,-dust-jacket,-dust-wrapper"
../img/peter-parley/eterparleyspee00parlgoog-220_ex_0.jpg,"jinrikisha,-ricksha,-rickshaw"
../img/peter-parley/eterparleyspee00parlgoog-224_ex_0.jpg,monastery
../img/peter-parley/eterparleyspee00parlgoog-229_ex_0.jpg,"tank,-army-tank,-armored-combat-vehicle,-armoured-combat-vehicle"
../img/peter-parley/eterparleyspee00parlgoog-234_ex_0.jpg,"book-jacket,-dust-cover,-dust-jacket,-dust-wrapper"
../img/peter-parley/eterparleyspee00parlgoog-241_ex_0.jpg,"pirate,-pirate-ship"
../img/peter-parley/eterparleyspee00parlgoog-244_ex_0.jpg,"book-jacket,-dust-cover,-dust-jacket,-dust-wrapper"
../img/peter-parley/eterparleyspee00parlgoog-250_ex_0.jpg,"book-jacket,-dust-cover,-dust-jacket,-dust-wrapper"
../img/peter-parley/eterparleyspee00parlgoog-251_ex_0.jpg,"thresher,-thrasher,-threshing-machine"
../img/peter-parley/eterparleyspee00parlgoog-253_ex_0.jpg,palace
../img/peter-parley/eterparleyspee00parlgoog-258_ex_0.jpg,pickelhaube
../img/peter-parley/eterparleyspee00parlgoog-261_ex_0.jpg,"book-jacket,-dust-cover,-dust-jacket,-dust-wrapper"
../img/peter-parley/eterparleyspee00parlgoog-265_ex_0.jpg,"bell-cote,-bell-cot"
../img/peter-parley/eterparleyspee00parlgoog-269_ex_0.jpg,"hoopskirt,-crinoline"
../img/peter-parley/eterparleyspee00parlgoog-274_ex_0.jpg,"tank,-army-tank,-armored-combat-vehicle,-armoured-combat-vehicle"
../img/peter-parley/eterparleyspee00parlgoog-277_ex_0.jpg,"book-jacket,-dust-cover,-dust-jacket,-dust-wrapper"
../img/peter-parley/eterparleyspee00parlgoog-280_ex_0.jpg,vault
../img/peter-parley/eterparleyspee00parlgoog-284_ex_0.jpg,"book-jacket,-dust-cover,-dust-jacket,-dust-wrapper"
../img/peter-parley/eterparleyspee00parlgoog-293_ex_0.jpg,maypole
../img/peter-parley/eterparleyspee00parlgoog-299_ex_0.jpg,"book-jacket,-dust-cover,-dust-jacket,-dust-wrapper"
../img/peter-parley/eterparleyspee00parlgoog-300_ex_0.jpg,"airship,-dirigible"
../img/peter-parley/eterparleyspee00parlgoog-302_ex_0.jpg,comic-book
../img/peter-parley/eterparleyspee00parlgoog-306_ex_0.jpg,comic-book
../img/peter-parley/eterparleyspee00parlgoog-307_ex_0.jpg,"thresher,-thrasher,-threshing-machine"
../img/peter-parley/eterparleyspee00parlgoog-310_ex_0.jpg,"switch,-electric-switch,-electrical-switch"
../img/peter-parley/eterparleyspee00parlgoog-311_ex_0.jpg,"binder,-ring-binder"
../img/peter-parley/eterparleystal00psegoog-001_ex_0.jpg,"hook,-claw"
../img/peter-parley/eterparleystal00psegoog-002_ex_0.jpg,sundial
../img/peter-parley/eterparleystal00psegoog-003_ex_0.jpg,shovel
../img/peter-parley/eterparleystal00psegoog-009_ex_0.jpg,fountain
../img/peter-parley/eterparleystal00psegoog-010_ex_0.jpg,"book-jacket,-dust-cover,-dust-jacket,-dust-wrapper"
../img/peter-parley/eterparleystal00psegoog-021_ex_0.jpg,steel-arch-bridge
../img/peter-parley/eterparleystal00psegoog-025_ex_0.jpg,"thresher,-thrasher,-threshing-machine"
../img/peter-parley/eterparleystal00psegoog-026_ex_0.jpg,ping-pong-ball
../img/peter-parley/eterparleystal00psegoog-027_ex_0.jpg,jigsaw-puzzle
../img/peter-parley/eterparleystal00psegoog-036_ex_0.jpg,boathouse
../img/peter-parley/eterparleystal00psegoog-038_ex_0.jpg,vault
../img/peter-parley/eterparleystal00psegoog-039_ex_0.jpg,guillotine
../img/peter-parley/eterparleystal00psegoog-045_ex_0.jpg,"airship,-dirigible"
../img/peter-parley/eterparleystal00psegoog-048_ex_0.jpg,"submarine,-pigboat,-sub,-U-boat"
../img/peter-parley/eterparleystal00psegoog-062_ex_0.jpg,"church,-church-building"
../img/peter-parley/eterparleystal00psegoog-064_ex_0.jpg,viaduct
../img/peter-parley/eterparleystal00psegoog-068_ex_0.jpg,castle
../img/peter-parley/eterparleystal00psegoog-071_ex_0.jpg,castle
../img/peter-parley/eterparleystal00psegoog-073_ex_0.jpg,castle
../img/peter-parley/eterparleystal00psegoog-077_ex_0.jpg,"airship,-dirigible"
../img/peter-parley/eterparleystal00psegoog-081_ex_0.jpg,"submarine,-pigboat,-sub,-U-boat"
../img/peter-parley/eterparleystal00psegoog-084_ex_0.jpg,palace
../img/peter-parley/eterparleystal00psegoog-086_ex_0.jpg,triumphal-arch
../img/peter-parley/eterparleystal00psegoog-090_ex_0.jpg,triumphal-arch
../img/peter-parley/eterparleystal00psegoog-091_ex_0.jpg,palace
../img/peter-parley/eterparleystal00psegoog-092_ex_0.jpg,"pedestal,-plinth,-footstall"
../img/peter-parley/eterparleystal00psegoog-093_ex_0.jpg,triumphal-arch
../img/peter-parley/eterparleystal00psegoog-094_ex_0.jpg,mosque
../img/peter-parley/eterparleystal00psegoog-095_ex_0.jpg,triumphal-arch
../img/peter-parley/eterparleystal00psegoog-099_ex_0.jpg,vault
../img/peter-parley/eterparleystal00psegoog-105_ex_0.jpg,analog-clock
../img/peter-parley/eterparleystal00psegoog-107_ex_0.jpg,goblet
../img/peter-parley/eterparleystal00psegoog-110_ex_0.jpg,dome
../img/peter-parley/eterparleystal00psegoog-112_ex_0.jpg,"ground-beetle,-carabid-beetle"
../img/peter-parley/eterparleystal00psegoog-113_ex_0.jpg,monastery
../img/peter-parley/eterparleystal00psegoog-118_ex_0.jpg,palace
../img/peter-parley/eterparleystal00psegoog-120_ex_0.jpg,fountain
../img/peter-parley/eterparleystal00psegoog-122_ex_0.jpg,vault
../img/peter-parley/eterparleystal00psegoog-124_ex_0.jpg,palace
../img/peter-parley/eterparleystal00psegoog-131_ex_0.jpg,palace
../img/peter-parley/eterparleystal00psegoog-135_ex_0.jpg,palace
../img/peter-parley/eterparleystal00psegoog-137_ex_0.jpg,"church,-church-building"
../img/peter-parley/eterparleystal00psegoog-138_ex_0.jpg,palace
../img/peter-parley/eterparleystal00psegoog-141_ex_0.jpg,gondola
../img/peter-parley/eterparleystal00psegoog-144_ex_0.jpg,palace
../img/peter-parley/eterparleystal00psegoog-153_ex_0.jpg,fountain
../img/peter-parley/eterparleystal00psegoog-155_ex_0.jpg,viaduct
../img/peter-parley/eterparleystal00psegoog-156_ex_0.jpg,viaduct
../img/peter-parley/eterparleystal00psegoog-158_ex_0.jpg,suspension-bridge
../img/peter-parley/eterparleystal00psegoog-162_ex_0.jpg,"lakeside,-lakeshore"
../img/peter-parley/eterparleystal00psegoog-163_ex_0.jpg,gondola
../img/peter-parley/eterparleystal00psegoog-165_ex_0.jpg,castle
../img/peter-parley/eterparleystal00psegoog-179_ex_0.jpg,palace
../img/peter-parley/eterparleystal00psegoog-180_ex_0.jpg,palace
../img/peter-parley/eterparleystal00psegoog-181_ex_0.jpg,"puck,-hockey-puck"
../img/peter-parley/eterparleystal00psegoog-185_ex_0.jpg,"church,-church-building"
../img/peter-parley/eterparleystal00psegoog-197_ex_0.jpg,palace
../img/peter-parley/eterparleystal00psegoog-198_ex_0.jpg,gondola
../img/peter-parley/eterparleystal00psegoog-200_ex_0.jpg,palace
../img/peter-parley/eterparleystal00psegoog-215_ex_0.jpg,plate-rack
../img/peter-parley/eterparleystal00psegoog-217_ex_0.jpg,"cliff,-drop,-drop-off"
../img/peter-parley/eterparleystal00psegoog-221_ex_0.jpg,castle
../img/peter-parley/eterparleystal00psegoog-226_ex_0.jpg,"cliff,-drop,-drop-off"
../img/peter-parley/eterparleystal00psegoog-228_ex_0.jpg,"killer-whale,-killer,-orca,-grampus,-sea-wolf,-Orcinus-orca"
../img/peter-parley/eterparleystal00psegoog-237_ex_0.jpg,cliff-dwelling
../img/peter-parley/eterparleystal00psegoog-238_ex_0.jpg,gondola
../img/peter-parley/eterparleystal00psegoog-245_ex_0.jpg,fountain
../img/peter-parley/eterparleystal00psegoog-247_ex_0.jpg,gondola
../img/peter-parley/eterparleystal00psegoog-249_ex_0.jpg,"jinrikisha,-ricksha,-rickshaw"
../img/peter-parley/eterparleystal00psegoog-258_ex_0.jpg,maypole
../img/peter-parley/eterparleystal00psegoog-264_ex_0.jpg,half-track
../img/peter-parley/eterparleystal00psegoog-271_ex_0.jpg,gondola
../img/peter-parley/eterparleystal00psegoog-275_ex_0.jpg,gondola
../img/peter-parley/eterparleystal00psegoog-282_ex_0.jpg,stone-wall
../img/peter-parley/eterparleystal00psegoog-286_ex_0.jpg,harp
../img/peter-parley/eterparleystal00psegoog-296_ex_0.jpg,barn
../img/peter-parley/eterparleystal00psegoog-300_ex_0.jpg,gondola
../img/peter-parley/eterparleystal00psegoog-302_ex_0.jpg,castle
../img/peter-parley/eterparleystal00psegoog-317_ex_0.jpg,"cliff,-drop,-drop-off"
../img/peter-parley/eterparleystal00psegoog-330_ex_0.jpg,muzzle
../img/peter-parley/eterparleystal00psegoog-337_ex_0.jpg,gondola
../img/peter-parley/eterparleystal00psegoog-356_ex_0.jpg,"thresher,-thrasher,-threshing-machine"
../img/peter-parley/eterparleystal00psegoog-361_ex_0.jpg,cradle
../img/peter-parley/eterparleystal00psegoog-363_ex_0.jpg,magnetic-compass
../img/peter-parley/eterparleystal00psegoog-369_ex_0.jpg,steel-arch-bridge
../img/peter-parley/eterparleystal00psegoog-370_ex_0.jpg,"chime,-bell,-gong"
../img/peter-parley/eterparleystal00psegoog-386_ex_0.jpg,altar
../img/peter-parley/eterparleystal00psegoog-389_ex_0.jpg,hatchet
../img/peter-parley/eterparleystal00psegoog-395_ex_0.jpg,"book-jacket,-dust-cover,-dust-jacket,-dust-wrapper"
../img/peter-parley/eterparleystal00psegoog-402_ex_0.jpg,sweatshirt
../img/peter-parley/eterparleystal00psegoog-415_ex_0.jpg,"assault-rifle,-assault-gun"
../img/peter-parley/eterparleystal00psegoog-423_ex_0.jpg,pickelhaube
../img/peter-parley/eterparleystal00psegoog-424_ex_0.jpg,bow
../img/peter-parley/eterparleystal00psegoog-431_ex_0.jpg,"hoopskirt,-crinoline"
../img/peter-parley/eterparleystal00psegoog-433_ex_0.jpg,"chime,-bell,-gong"
../img/peter-parley/eterparleystal00psegoog-444_ex_0.jpg,comic-book
../img/peter-parley/eterparleystal00psegoog-452_ex_0.jpg,"carousel,-carrousel,-merry-go-round,-roundabout,-whirligig"
../img/peter-parley/eterparleystal00psegoog-457_ex_0.jpg,fountain
../img/peter-parley/eterparleystal00psegoog-460_ex_0.jpg,comic-book
../img/peter-parley/eterparleystal00psegoog-461_ex_0.jpg,table-lamp
../img/peter-parley/eterparleystal00psegoog-462_ex_0.jpg,"hoopskirt,-crinoline"
../img/peter-parley/eterparleystal00psegoog-464_ex_0.jpg,"thresher,-thrasher,-threshing-machine"
../img/peter-parley/eterparleystal00psegoog-470_ex_0.jpg,guillotine
../img/peter-parley/eterparleystal00psegoog-471_ex_0.jpg,"frilled-lizard,-Chlamydosaurus-kingi"
../img/peter-parley/eterparleystal00psegoog-473_ex_0.jpg,comic-book
../img/peter-parley/eterparleystal00psegoog-475_ex_0.jpg,fountain
../img/peter-parley/eterparleystal00psegoog-481_ex_0.jpg,"church,-church-building"
../img/peter-parley/eterparleystal00psegoog-484_ex_0.jpg,palace
../img/peter-parley/eterparleystal00psegoog-485_ex_0.jpg,ping-pong-ball
../img/peter-parley/eterparleystal00psegoog-488_ex_0.jpg,"loupe,-jeweler's-loupe"
../img/peter-parley/eterparleystal00psegoog-489_ex_0.jpg,throne
../img/peter-parley/eterparleysuni00barrgoog-001_ex_0.jpg,"hook,-claw"
../img/peter-parley/eterparleysuni00barrgoog-002_ex_0.jpg,menu
../img/peter-parley/eterparleysuni00barrgoog-003_ex_0.jpg,"file,-file-cabinet,-filing-cabinet"
../img/peter-parley/eterparleysuni00barrgoog-004_ex_0.jpg,"binder,-ring-binder"
../img/peter-parley/eterparleysuni00barrgoog-007_ex_0.jpg,"book-jacket,-dust-cover,-dust-jacket,-dust-wrapper"
../img/peter-parley/eterparleysuni00barrgoog-008_ex_0.jpg,menu
../img/peter-parley/eterparleysuni00barrgoog-010_ex_0.jpg,"web-site,-website,-internet-site,-site"
../img/peter-parley/eterparleysuni00barrgoog-011_ex_0.jpg,"web-site,-website,-internet-site,-site"
../img/peter-parley/eterparleysuni00barrgoog-012_ex_0.jpg,"web-site,-website,-internet-site,-site"
../img/peter-parley/eterparleysuni00barrgoog-013_ex_0.jpg,"web-site,-website,-internet-site,-site"
../img/peter-parley/eterparleysuni00barrgoog-014_ex_0.jpg,menu
../img/peter-parley/eterparleysuni00barrgoog-015_ex_0.jpg,"crossword-puzzle,-crossword"
../img/peter-parley/eterparleysuni00barrgoog-016_ex_0.jpg,menu
../img/peter-parley/eterparleysuni00barrgoog-017_ex_0.jpg,"crossword-puzzle,-crossword"
../img/peter-parley/eterparleysuni00barrgoog-018_ex_0.jpg,"crossword-puzzle,-crossword"
../img/peter-parley/eterparleysuni00barrgoog-019_ex_0.jpg,"binder,-ring-binder"
../img/peter-parley/eterparleysuni00barrgoog-020_ex_0.jpg,menu
../img/peter-parley/eterparleysuni00barrgoog-021_ex_0.jpg,menu
../img/peter-parley/eterparleysuni00barrgoog-022_ex_0.jpg,"web-site,-website,-internet-site,-site"
../img/peter-parley/eterparleysuni00barrgoog-023_ex_0.jpg,"web-site,-website,-internet-site,-site"
../img/peter-parley/eterparleysuni00barrgoog-024_ex_0.jpg,"web-site,-website,-internet-site,-site"
../img/peter-parley/eterparleysuni00barrgoog-025_ex_0.jpg,"web-site,-website,-internet-site,-site"
../img/peter-parley/eterparleysuni00barrgoog-026_ex_0.jpg,"book-jacket,-dust-cover,-dust-jacket,-dust-wrapper"
../img/peter-parley/eterparleysuni00barrgoog-027_ex_0.jpg,"web-site,-website,-internet-site,-site"
../img/peter-parley/eterparleysuni00barrgoog-029_ex_0.jpg,"slide-rule,-slipstick"
../img/peter-parley/eterparleysuni00barrgoog-030_ex_0.jpg,"web-site,-website,-internet-site,-site"
../img/peter-parley/eterparleysuni00barrgoog-031_ex_0.jpg,"book-jacket,-dust-cover,-dust-jacket,-dust-wrapper"
../img/peter-parley/eterparleysuni00barrgoog-032_ex_0.jpg,"slide-rule,-slipstick"
../img/peter-parley/eterparleysuni00barrgoog-034_ex_0.jpg,"web-site,-website,-internet-site,-site"
../img/peter-parley/eterparleysuni00barrgoog-035_ex_0.jpg,"web-site,-website,-internet-site,-site"
../img/peter-parley/eterparleysuni00barrgoog-037_ex_0.jpg,jigsaw-puzzle
../img/peter-parley/eterparleysuni00barrgoog-038_ex_0.jpg,"web-site,-website,-internet-site,-site"
../img/peter-parley/eterparleysuni00barrgoog-039_ex_0.jpg,"web-site,-website,-internet-site,-site"
../img/peter-parley/eterparleysuni00barrgoog-040_ex_0.jpg,"web-site,-website,-internet-site,-site"
../img/peter-parley/eterparleysuni00barrgoog-041_ex_0.jpg,"web-site,-website,-internet-site,-site"
../img/peter-parley/eterparleysuni00barrgoog-042_ex_0.jpg,"web-site,-website,-internet-site,-site"
../img/peter-parley/eterparleysuni00barrgoog-043_ex_0.jpg,"web-site,-website,-internet-site,-site"
../img/peter-parley/eterparleysuni00barrgoog-044_ex_0.jpg,"web-site,-website,-internet-site,-site"
../img/peter-parley/eterparleysuni00barrgoog-045_ex_0.jpg,"web-site,-website,-internet-site,-site"
../img/peter-parley/eterparleysuni00barrgoog-046_ex_0.jpg,"web-site,-website,-internet-site,-site"
../img/peter-parley/eterparleysuni00barrgoog-047_ex_0.jpg,plate-rack
../img/peter-parley/eterparleysuni00barrgoog-048_ex_0.jpg,"book-jacket,-dust-cover,-dust-jacket,-dust-wrapper"
../img/peter-parley/eterparleysuni00barrgoog-049_ex_0.jpg,"web-site,-website,-internet-site,-site"
../img/peter-parley/eterparleysuni00barrgoog-050_ex_0.jpg,"web-site,-website,-internet-site,-site"
../img/peter-parley/eterparleysuni00barrgoog-051_ex_0.jpg,"web-site,-website,-internet-site,-site"
../img/peter-parley/eterparleysuni00barrgoog-052_ex_0.jpg,"web-site,-website,-internet-site,-site"
../img/peter-parley/eterparleysuni00barrgoog-053_ex_0.jpg,"web-site,-website,-internet-site,-site"
../img/peter-parley/eterparleysuni00barrgoog-054_ex_0.jpg,jigsaw-puzzle
../img/peter-parley/eterparleysuni00barrgoog-056_ex_0.jpg,"web-site,-website,-internet-site,-site"
../img/peter-parley/eterparleysuni00barrgoog-058_ex_0.jpg,"web-site,-website,-internet-site,-site"
../img/peter-parley/eterparleysuni00barrgoog-059_ex_0.jpg,"web-site,-website,-internet-site,-site"
../img/peter-parley/eterparleysuni00barrgoog-060_ex_0.jpg,"web-site,-website,-internet-site,-site"
../img/peter-parley/eterparleysuni00barrgoog-062_ex_0.jpg,"web-site,-website,-internet-site,-site"
../img/peter-parley/eterparleysuni00barrgoog-063_ex_0.jpg,"web-site,-website,-internet-site,-site"
../img/peter-parley/eterparleysuni00barrgoog-064_ex_0.jpg,"book-jacket,-dust-cover,-dust-jacket,-dust-wrapper"
../img/peter-parley/eterparleysuni00barrgoog-065_ex_0.jpg,"web-site,-website,-internet-site,-site"
../img/peter-parley/eterparleysuni00barrgoog-066_ex_0.jpg,"web-site,-website,-internet-site,-site"
../img/peter-parley/eterparleysuni00barrgoog-067_ex_0.jpg,"web-site,-website,-internet-site,-site"
../img/peter-parley/eterparleysuni00barrgoog-068_ex_0.jpg,"web-site,-website,-internet-site,-site"
../img/peter-parley/eterparleysuni00barrgoog-069_ex_0.jpg,"web-site,-website,-internet-site,-site"
../img/peter-parley/eterparleysuni00barrgoog-070_ex_0.jpg,"web-site,-website,-internet-site,-site"
../img/peter-parley/eterparleysuni00barrgoog-072_ex_0.jpg,"web-site,-website,-internet-site,-site"
../img/peter-parley/eterparleysuni00barrgoog-073_ex_0.jpg,"book-jacket,-dust-cover,-dust-jacket,-dust-wrapper"
../img/peter-parley/eterparleysuni00barrgoog-074_ex_0.jpg,rifle
../img/peter-parley/eterparleysuni00barrgoog-075_ex_0.jpg,shopping-cart
../img/peter-parley/eterparleysuni00barrgoog-076_ex_0.jpg,mousetrap
../img/peter-parley/eterparleysuni00barrgoog-077_ex_0.jpg,mousetrap
../img/peter-parley/eterparleysuni00barrgoog-078_ex_0.jpg,"slide-rule,-slipstick"
../img/peter-parley/eterparleysuni00barrgoog-079_ex_0.jpg,"web-site,-website,-internet-site,-site"
../img/peter-parley/eterparleysuni00barrgoog-080_ex_0.jpg,"web-site,-website,-internet-site,-site"
../img/peter-parley/eterparleysuni00barrgoog-081_ex_0.jpg,"web-site,-website,-internet-site,-site"
../img/peter-parley/eterparleysuni00barrgoog-082_ex_0.jpg,"web-site,-website,-internet-site,-site"
../img/peter-parley/eterparleysuni00barrgoog-083_ex_0.jpg,"book-jacket,-dust-cover,-dust-jacket,-dust-wrapper"
../img/peter-parley/eterparleysuni00barrgoog-084_ex_0.jpg,"web-site,-website,-internet-site,-site"
../img/peter-parley/eterparleysuni00barrgoog-085_ex_0.jpg,"web-site,-website,-internet-site,-site"
../img/peter-parley/eterparleysuni00barrgoog-086_ex_0.jpg,"web-site,-website,-internet-site,-site"
../img/peter-parley/eterparleysuni00barrgoog-087_ex_0.jpg,"web-site,-website,-internet-site,-site"
../img/peter-parley/eterparleysuni00barrgoog-088_ex_0.jpg,"web-site,-website,-internet-site,-site"
../img/peter-parley/eterparleysuni00barrgoog-089_ex_0.jpg,plate-rack
../img/peter-parley/eterparleysuni00barrgoog-090_ex_0.jpg,plate-rack
../img/peter-parley/eterparleysuni00barrgoog-091_ex_0.jpg,"web-site,-website,-internet-site,-site"
../img/peter-parley/eterparleysuni00barrgoog-092_ex_0.jpg,"web-site,-website,-internet-site,-site"
../img/peter-parley/eterparleysuni00barrgoog-093_ex_0.jpg,plate-rack
../img/peter-parley/eterparleysuni00barrgoog-094_ex_0.jpg,"book-jacket,-dust-cover,-dust-jacket,-dust-wrapper"
../img/peter-parley/eterparleysuni00barrgoog-095_ex_0.jpg,"book-jacket,-dust-cover,-dust-jacket,-dust-wrapper"
../img/peter-parley/eterparleysuni00barrgoog-096_ex_0.jpg,pole
../img/peter-parley/eterparleysuni00barrgoog-097_ex_0.jpg,"book-jacket,-dust-cover,-dust-jacket,-dust-wrapper"
../img/peter-parley/eterparleysuni00barrgoog-098_ex_0.jpg,"web-site,-website,-internet-site,-site"
../img/peter-parley/eterparleysuni00barrgoog-099_ex_0.jpg,"web-site,-website,-internet-site,-site"
../img/peter-parley/eterparleysuni00barrgoog-100_ex_0.jpg,"web-site,-website,-internet-site,-site"
../img/peter-parley/eterparleysuni00barrgoog-101_ex_0.jpg,"web-site,-website,-internet-site,-site"
../img/peter-parley/eterparleysuni00barrgoog-102_ex_0.jpg,"web-site,-website,-internet-site,-site"
../img/peter-parley/eterparleysuni00barrgoog-103_ex_0.jpg,"web-site,-website,-internet-site,-site"
../img/peter-parley/eterparleysuni00barrgoog-104_ex_0.jpg,rifle
../img/peter-parley/eterparleysuni00barrgoog-106_ex_0.jpg,bow
../img/peter-parley/eterparleysuni00barrgoog-107_ex_0.jpg,missile
../img/peter-parley/eterparleysuni00barrgoog-108_ex_0.jpg,"web-site,-website,-internet-site,-site"
../img/peter-parley/eterparleysuni00barrgoog-109_ex_0.jpg,"web-site,-website,-internet-site,-site"
../img/peter-parley/eterparleysuni00barrgoog-110_ex_0.jpg,"book-jacket,-dust-cover,-dust-jacket,-dust-wrapper"
../img/peter-parley/eterparleysuni00barrgoog-111_ex_0.jpg,"web-site,-website,-internet-site,-site"
../img/peter-parley/eterparleysuni00barrgoog-112_ex_0.jpg,"web-site,-website,-internet-site,-site"
../img/peter-parley/eterparleysuni00barrgoog-113_ex_0.jpg,"book-jacket,-dust-cover,-dust-jacket,-dust-wrapper"
../img/peter-parley/eterparleysuni00barrgoog-114_ex_0.jpg,"web-site,-website,-internet-site,-site"
../img/peter-parley/eterparleysuni00barrgoog-115_ex_0.jpg,"web-site,-website,-internet-site,-site"
../img/peter-parley/eterparleysuni00barrgoog-116_ex_0.jpg,"web-site,-website,-internet-site,-site"
../img/peter-parley/eterparleysuni00barrgoog-117_ex_0.jpg,"web-site,-website,-internet-site,-site"
../img/peter-parley/eterparleysuni00barrgoog-118_ex_0.jpg,"web-site,-website,-internet-site,-site"
../img/peter-parley/eterparleysuni00barrgoog-119_ex_0.jpg,"web-site,-website,-internet-site,-site"
../img/peter-parley/eterparleysuni00barrgoog-120_ex_0.jpg,"web-site,-website,-internet-site,-site"
../img/peter-parley/eterparleysuni00barrgoog-121_ex_0.jpg,"book-jacket,-dust-cover,-dust-jacket,-dust-wrapper"
../img/peter-parley/eterparleysuni00barrgoog-122_ex_0.jpg,"web-site,-website,-internet-site,-site"
../img/peter-parley/eterparleysuni00barrgoog-123_ex_0.jpg,"web-site,-website,-internet-site,-site"
../img/peter-parley/eterparleysuni00barrgoog-124_ex_0.jpg,"web-site,-website,-internet-site,-site"
../img/peter-parley/eterparleysuni00barrgoog-125_ex_0.jpg,menu
../img/peter-parley/eterparleysuni00barrgoog-127_ex_0.jpg,"oscilloscope,-scope,-cathode-ray-oscilloscope,-CRO"
../img/peter-parley/eterparleysuni00barrgoog-128_ex_0.jpg,"crossword-puzzle,-crossword"
../img/peter-parley/eterparleysuni00barrgoog-129_ex_0.jpg,"web-site,-website,-internet-site,-site"
../img/peter-parley/eterparleysuni00barrgoog-130_ex_0.jpg,"web-site,-website,-internet-site,-site"
../img/peter-parley/eterparleysuni00barrgoog-131_ex_0.jpg,"web-site,-website,-internet-site,-site"
